profil,mois,puissance_vehicule,annee_vehicule,type_vehicule,type_saison,periode,taux_accidents_fautifs,niveau_risque
2,9,186,1942,0,0,0,0.7812095636190401,2
1,8,352,1923,0,0,2,0.08470890832084266,2
0,7,279,1919,0,0,1,0.36891196273050386,2
1,11,335,1901,0,1,1,0.13415134534723638,2
1,12,310,1943,1,0,1,0.7818792426889905,2
0,12,154,1882,0,0,0,0.05896693155454091,1
2,11,72,1975,0,0,0,0.10062426499259547,2
1,10,287,1947,1,0,0,0.8690420580151407,1
2,9,267,1835,1,1,2,0.01221155015989872,2
0,2,397,1916,0,0,0,0.054244263235452284,1
0,7,276,1835,1,0,2,0.6293907130467349,1
2,9,254,1870,0,1,1,0.41583010558976174,2
1,8,371,2019,1,1,2,0.7020522044999394,2
2,9,58,1862,0,0,0,0.33244439088303745,1
1,5,192,1863,0,0,2,0.7617939446678786,2
2,1,160,1971,0,1,0,0.4369888836470449,2
1,3,204,2008,1,0,2,0.0349185385296773,1
2,8,392,1854,0,0,1,0.8139181114347583,2
0,7,219,1936,1,0,0,0.42070615907825737,0
1,8,238,1803,1,1,1,0.010948889125750871,2
0,11,212,1969,0,0,0,0.9361051803145434,1
2,7,234,1867,1,0,1,0.11442293600834952,2
1,3,95,1854,0,1,0,0.20140525385768582,2
0,5,136,1903,0,0,0,0.7650238270356815,1
0,6,276,1937,0,1,2,0.7140169623166331,2
0,3,205,1864,0,1,2,0.35894741723049484,2
2,11,52,1896,1,0,1,0.8492488081281817,2
2,3,241,1902,1,0,0,0.01649551896408219,1
0,2,227,2007,0,0,1,0.6719549772525469,2
1,6,130,1930,0,0,2,0.28774340682712374,2
2,1,92,1934,1,1,1,0.0005797371989961775,2
2,9,365,1965,0,1,0,0.9191156594726851,2
0,4,313,1983,0,1,2,0.6023360073602282,2
2,4,317,1816,1,1,0,0.5960800484094453,2
2,10,234,1930,1,0,1,0.43085550137339756,2
0,1,214,1954,0,0,1,0.9523597662902805,2
1,10,246,1821,1,0,1,0.8502508510099747,2
0,1,158,1873,1,0,2,0.042977562364283406,1
2,12,376,1801,1,0,1,0.731741513819543,2
0,9,233,1968,0,1,1,0.9822672803610545,2
0,11,341,1967,1,0,2,0.31858816008503144,1
2,6,108,1924,1,0,1,0.9010636103370476,2
2,2,399,1953,1,1,0,0.7081588397515417,2
1,11,265,1939,1,0,1,0.7820430678802963,2
2,10,179,1917,1,0,1,0.41590350811529087,2
2,8,108,1987,0,0,0,0.022339865373850798,2
0,6,55,2003,0,0,1,0.7622834307264649,2
0,6,142,1827,1,0,0,0.4568655486925005,0
2,9,362,1811,0,0,1,0.9808787319517341,2
1,6,197,1906,0,0,2,0.654140525766521,2
1,4,124,1924,0,0,0,0.773000861966056,1
1,3,396,1978,0,1,1,0.7314869411930572,2
2,8,52,1949,0,1,1,0.0767131016520175,2
0,1,274,1981,0,0,2,0.6918033084049482,2
1,4,98,1817,0,1,0,0.7757685058197072,2
0,8,333,1894,0,1,2,0.06375538212051957,2
0,11,324,1850,1,1,1,0.8158650996670134,2
2,4,57,1939,0,0,0,0.02427202016928187,1
1,1,58,1842,1,1,1,0.9732624489301972,2
0,5,160,1985,0,1,0,0.5276415558354042,1
1,11,76,1857,1,0,2,0.3258861248945668,1
2,8,149,1856,0,1,2,0.5275727426563911,2
1,1,104,1910,0,0,2,0.9200871320394837,2
2,10,169,1852,1,0,0,0.5144804082002277,1
2,11,296,2009,1,1,1,0.4331969370783947,2
1,8,87,1953,0,0,2,0.5185546035883258,2
1,9,290,1996,1,0,1,0.8345642415775589,2
1,8,199,1868,1,1,0,0.3650830343956851,1
0,4,172,1887,0,0,0,0.7653409039841892,1
0,7,353,1815,0,1,1,0.1773009634440994,2
0,6,155,2005,0,0,0,0.4423654115090565,0
0,5,155,1934,1,0,1,0.3387220915254745,1
1,8,253,1940,0,1,2,0.08988252208167136,2
1,10,151,1895,1,1,1,0.7570721696122837,2
2,4,154,1840,0,1,0,0.8205914170276017,2
2,7,333,1928,1,0,0,0.5598569599781473,2
2,1,332,2012,0,0,0,0.197172188714953,1
2,12,309,1903,1,0,0,0.5637934821782348,2
1,3,102,2009,1,1,0,0.9751874343834142,1
1,10,160,1817,0,1,2,0.23177329473809882,2
2,6,90,1852,0,1,2,0.7911044850015527,2
1,6,389,1978,0,0,0,0.945533229416849,1
0,6,376,1931,0,1,0,0.7613862616193224,1
1,3,331,1906,0,0,1,0.10880721945618921,2
0,2,224,1804,1,1,0,0.5147072201839975,1
0,11,302,1889,0,0,0,0.3613926000704206,1
2,8,187,1868,1,1,0,0.2812837938339763,2
2,1,242,1874,1,0,1,0.33067899960298774,2
2,4,323,1904,1,0,2,0.6602418975803296,2
2,11,92,1819,1,1,2,0.0913761040075699,2
2,8,364,1810,1,1,1,0.8688113925468275,2
1,12,62,1947,1,1,1,0.19719183853781086,1
1,2,50,1902,1,0,0,0.5927394846564427,0
2,4,241,1869,1,0,1,0.5362044748721413,2
2,7,111,2008,0,1,2,0.329039121670365,2
1,10,336,1945,0,0,2,0.1984415642402717,2
0,12,268,1815,1,1,0,0.3941641655476047,1
2,4,217,1852,0,1,2,0.7877385502561272,2
2,5,187,1800,0,0,0,0.38522500144740146,2
2,8,383,1873,1,0,2,0.7255008885138403,2
0,11,172,1879,0,1,2,0.3867594251884494,2
1,1,164,1857,1,0,0,0.015718118670916104,1
0,7,91,1930,1,1,2,0.017949768281403267,1
0,10,276,1879,0,1,1,0.5587289646387282,2
2,4,239,1913,1,0,1,0.7886314646237566,2
0,7,140,2023,0,0,0,0.29652234977751923,0
0,2,276,1934,1,0,1,0.8465802751158973,2
1,8,337,1914,0,1,0,0.2000970970042074,2
1,9,163,1898,0,0,2,0.8113752986272466,2
1,8,112,1903,0,0,0,0.4452343037991766,1
2,3,115,1980,0,1,2,0.7547513398022672,2
1,10,71,1841,0,0,1,0.07391279338682932,2
1,3,393,1955,1,1,2,0.46780652561154956,2
0,2,310,1960,0,1,1,0.6247742025872134,2
0,12,305,2025,0,0,0,0.6756220851750395,0
2,2,194,1999,0,1,1,0.20866584372086205,2
1,10,212,1955,0,1,2,0.9698371527866033,2
2,2,268,1974,1,1,1,0.539169298076052,2
0,5,87,1960,0,1,1,0.6525601082438934,2
2,5,253,1837,1,1,0,0.9487451580336514,2
1,2,184,1935,0,1,0,0.2931017799057728,2
0,6,147,1897,1,0,1,0.6167851523514445,1
2,3,186,1892,1,1,1,0.2666822066625849,2
1,3,352,1971,1,1,1,0.14497664535275911,2
2,12,270,2017,0,0,0,0.7734646274866668,1
0,11,91,1950,0,1,1,0.6082136530645157,2
0,3,365,1802,1,1,1,0.71383208669713,2
0,9,172,2024,0,1,2,0.18533157894428054,1
1,9,201,1866,0,1,2,0.6426576313305173,2
1,7,258,1948,1,0,1,0.7207193394267118,2
1,9,54,1849,1,0,2,0.6045331755640442,1
0,4,109,1929,1,0,0,0.4540513220654082,0
0,9,250,1925,0,0,0,0.6845491297749658,1
0,1,176,1910,1,0,0,0.43708652784830904,0
0,3,356,1871,0,0,1,0.8631220825436086,2
0,1,263,1995,0,1,2,0.03876238320394376,2
2,8,219,1856,0,1,0,0.6945532331514934,2
2,1,163,2018,0,0,1,0.26552755879847145,2
0,3,235,1977,0,0,2,0.9063236881603187,2
2,6,200,1945,1,1,2,0.06352739634672377,2
2,5,136,1841,0,0,1,0.06651664446707528,2
2,1,323,1949,0,1,0,0.6027834981735651,2
2,4,183,1929,1,0,1,0.5473812581515997,2
0,1,299,1996,0,1,2,0.5644549497682279,2
1,3,313,1812,0,0,0,0.5902217639249535,1
0,1,170,1881,1,1,2,0.7285217958503442,2
0,12,304,1924,0,1,0,0.810966917607281,1
2,3,52,1830,1,0,1,0.6203887359082385,2
1,12,219,1809,1,1,2,0.7581017290230361,2
0,8,173,1900,1,0,0,0.5105843311106836,0
0,10,259,1868,0,1,1,0.029385380650568838,2
0,12,158,1865,0,1,1,0.5965006583999153,2
0,5,72,1953,0,1,1,0.8408961780917311,2
1,1,106,1969,0,1,0,0.8650627840545198,2
2,11,338,1919,0,0,2,0.2574185022727873,2
1,7,400,1951,1,0,2,0.37110164178154437,2
2,9,157,1823,1,1,0,0.26794529345704643,2
0,5,198,1938,1,0,1,0.3589490536489083,1
2,11,391,1831,0,0,2,0.9989916080711355,2
2,4,323,1918,1,0,2,0.29872409264232336,2
0,8,168,1916,1,0,2,0.8156373124024675,1
1,10,154,1815,0,0,2,0.6595241629447849,2
2,5,166,1900,0,0,1,0.9971970272257148,2
2,12,135,1835,0,0,0,0.7343953207784967,2
1,2,101,1889,1,0,2,0.5190241700371977,1
0,3,353,1876,1,0,0,0.11657018693141419,0
1,5,360,1923,0,0,0,0.9735899741018272,1
2,1,324,1994,1,1,1,0.09337601756700031,2
0,6,169,1884,0,1,0,0.24241665681096702,1
0,4,196,1931,1,1,1,0.530327089744515,2
1,5,160,1822,0,1,0,0.7548374568992838,2
0,2,154,1995,1,1,1,0.301158860333148,2
2,2,350,1873,1,1,2,0.016338546674906307,2
2,7,267,1911,0,1,0,0.17294164102008602,2
0,9,52,1874,1,1,0,0.8727654726528047,0
0,9,238,2011,0,0,0,0.10729362753521399,0
1,11,174,1962,1,0,1,0.15603087936585924,2
0,8,382,1905,1,0,1,0.03146102380377569,1
0,11,72,1884,0,1,1,0.28322230765793976,2
2,9,168,1908,1,1,2,0.4464978361941262,2
1,11,199,1866,0,1,0,0.6209139032548928,2
0,6,293,1923,1,0,0,0.03577249669755045,0
0,7,137,1884,0,0,1,0.3302601500142023,2
2,6,243,1990,0,0,2,0.7507560728644893,2
1,6,211,2012,0,1,2,0.4279021467184836,2
0,10,107,1922,0,0,1,0.6185903504228671,2
0,5,143,1971,0,1,1,0.22079744018715375,2
1,2,167,1949,1,1,0,0.5392217458577464,1
1,6,288,2023,0,0,1,0.9137831355885254,2
0,1,81,1967,1,1,1,0.9715869242186622,1
0,8,153,1865,0,1,0,0.26320752771277134,1
0,2,201,2020,0,1,2,0.5144440327445566,1
1,10,78,1981,1,1,2,0.711824268750785,2
0,11,372,1982,1,1,0,0.26238850555207394,1
1,12,382,1924,0,0,1,0.9823692302340354,2
2,12,178,1903,1,1,2,0.13174241054941283,2
2,7,334,1857,1,1,0,0.41528059122016725,2
0,3,363,1965,1,0,1,0.6715583762416195,2
0,7,178,1877,0,1,1,0.5103139568423737,2
0,10,67,2023,0,0,1,0.27162121754020285,1
0,12,239,1868,0,0,1,0.6850332137801414,2
0,12,231,1859,1,0,0,0.39405508541778844,0
2,2,76,1955,0,1,2,0.6889828362460588,2
1,8,380,1823,1,1,1,0.5632349508823291,2
0,3,209,1957,0,1,2,0.44854453505108016,2
0,4,131,1940,0,1,1,0.1433856173643986,2
1,12,69,1817,0,1,2,0.30687683016435796,2
0,8,264,1974,1,0,2,0.8446825376770969,1
2,9,90,1907,0,1,0,0.25338177111003624,2
1,11,324,1959,0,1,2,0.47965999186694575,2
0,10,201,1964,1,0,0,0.7599853224940811,1
0,6,139,1921,0,1,0,0.8063931457123497,1
1,1,307,1879,0,1,1,0.8572463101354739,2
0,12,271,1898,1,0,1,0.10073181974397616,1
1,3,110,1975,1,1,2,0.978240445435899,2
1,5,394,1969,0,1,0,0.29449531704438936,2
0,10,218,1869,1,0,0,0.16183268504590698,0
2,8,381,2006,1,0,1,0.6598241243665041,2
0,8,226,2013,0,1,0,0.06435529667139017,1
2,7,230,1982,1,0,2,0.8336023526046906,2
1,12,215,1966,0,0,0,0.042792179433908784,1
0,1,190,1885,0,0,1,0.19397527597980035,2
0,6,362,1990,0,0,0,0.5607537281387655,1
1,11,304,1963,0,0,2,0.36758216649877495,2
0,3,320,1996,1,1,1,0.8831436277682739,2
2,7,268,1829,0,1,1,0.24633396487334858,2
1,11,167,2002,0,1,0,0.9980969075933094,2
1,7,210,1844,0,1,0,0.5166634736046002,2
2,11,153,1953,1,0,2,0.605558867821215,2
1,12,319,1909,1,1,2,0.2966676924797269,2
2,11,355,1976,0,1,0,0.1389464675339087,2
0,8,382,2002,0,0,1,0.34776248887846073,2
0,8,218,1896,1,0,2,0.741222638132792,1
0,8,310,1824,0,0,0,0.4556528603873735,1
0,3,74,1910,1,1,1,0.9585456211441304,1
0,2,359,1886,1,0,2,0.37533846119490555,1
0,9,268,1907,0,1,1,0.08690171331905805,2
0,12,93,1977,1,1,2,0.6066909872092803,1
1,6,285,1806,0,0,1,0.2878956615449825,2
0,9,199,1822,0,1,0,0.38700595779993885,1
0,9,204,1961,1,0,1,0.49894315204319717,1
0,6,213,1876,0,1,2,0.9414394908421417,2
1,3,115,1921,0,1,1,0.2946723160722956,2
0,1,255,1861,1,1,2,0.776797843880195,2
0,11,203,1900,1,0,1,0.011901974035914642,1
2,6,393,1967,1,1,0,0.6593304414966114,2
1,8,306,1895,0,1,0,0.9162149522386717,2
0,9,340,1961,1,1,1,0.7705486975681302,2
2,2,202,1878,1,1,0,0.23662406421428173,2
1,3,361,2020,1,1,0,0.5248258138529863,1
0,5,63,2018,0,0,1,0.9703239577558292,1
2,3,366,1853,1,0,1,0.2995167577767479,2
2,3,262,1861,0,0,0,0.07036895758078154,2
0,4,230,1814,0,1,0,0.9386680781502716,1
2,11,235,1812,0,0,1,0.8470231510101792,2
0,10,219,1906,0,1,0,0.46486846517129843,1
1,10,345,1929,1,0,0,0.7528185062733861,1
0,6,315,1800,0,0,2,0.010615105223658716,1
1,9,71,1812,1,0,2,0.9553421907285985,1
2,7,93,1970,1,1,0,0.6578024549935967,1
2,6,97,2016,0,0,0,0.1995067111622506,1
2,8,206,2012,0,1,0,0.05288250042318432,2
2,12,104,2024,0,1,2,0.7918899095313643,2
1,4,145,1937,0,1,2,0.8494480856762749,2
1,6,317,1877,1,1,1,0.42738378141175903,2
2,5,351,1884,1,1,0,0.9603220348967283,2
1,9,51,1822,0,0,0,0.525997096468485,1
1,7,86,1964,1,1,1,0.48451003692689676,2
2,3,294,1847,0,1,1,0.7245598330108319,2
1,6,141,1894,0,1,0,0.6044886408138008,2
2,11,371,1949,1,0,1,0.7815367463873716,2
0,8,178,2018,1,1,2,0.5659853082442484,1
1,8,279,1813,1,1,1,0.6549157887213252,2
1,11,329,1957,0,1,0,0.26701309192282574,2
2,5,256,1826,0,0,1,0.3570478568491283,2
0,3,354,1961,0,1,1,0.4728767172076478,2
2,11,186,1827,0,1,1,0.6513799804098426,2
1,5,248,1988,1,0,2,0.21327216183908282,2
1,10,154,1936,0,1,1,0.3830376585225186,2
1,5,339,1804,0,0,2,0.719419843510613,2
0,10,300,1997,0,0,2,0.9476004709326653,2
1,7,156,1945,0,1,2,0.2796738975805022,2
1,9,133,1974,1,0,1,0.1148360340596567,2
1,8,110,2024,1,0,0,0.9905012274837848,0
0,11,204,1816,1,0,1,0.7701597234403745,2
1,6,321,1846,0,1,0,0.732094522350012,2
2,7,327,1933,0,0,1,0.9358903187138922,2
2,9,338,1817,0,1,2,0.37772112945366654,2
2,10,202,1864,0,1,2,0.5043726291531343,2
2,7,107,1957,1,1,0,0.42038455290496035,1
2,7,93,1909,0,1,1,0.872046838443071,2
1,2,316,1922,1,1,0,0.7253630164459677,2
1,5,115,1984,1,0,0,0.9903945930597159,0
2,10,61,2009,1,0,1,0.2925924983335686,1
2,5,325,2023,0,1,0,0.15124253057806647,1
0,10,116,1878,0,0,2,0.47384402517304436,1
2,3,84,1932,0,0,2,0.42305626039397226,2
0,2,162,1930,0,0,0,0.970953357982433,1
0,12,362,1945,1,0,2,0.3334390576266525,1
0,3,278,1897,1,1,0,0.8279207889079786,1
0,11,294,1811,1,0,1,0.0283512709662862,1
0,8,325,1906,0,0,2,0.0897881242914993,1
1,4,155,1911,1,0,2,0.7213409001136856,2
1,12,331,2025,0,1,2,0.6409953387839535,2
2,5,171,1991,0,0,2,0.5246484990402779,2
0,9,87,1825,1,0,0,0.12230214213594282,0
0,5,306,1922,1,0,0,0.7902349436855678,1
1,10,177,1989,1,1,2,0.564350124394799,2
1,8,125,1819,0,1,0,0.8241025195680838,2
0,9,360,1942,1,0,0,0.3008692472995985,0
0,12,336,1910,0,1,0,0.9759682969476389,1
0,12,121,2015,1,0,2,0.28957058688945336,0
0,11,93,1953,0,0,2,0.12963240465692227,1
2,8,338,1853,1,1,1,0.255191849379929,2
1,12,376,1919,1,0,1,0.5022154318462875,2
2,9,397,1965,1,1,1,0.4343803722688657,2
0,4,73,1830,0,0,2,0.7960884449256564,2
0,8,56,1828,0,0,2,0.5876328479759914,1
2,1,67,2023,1,0,2,0.7908687406636312,1
0,7,244,1918,1,1,2,0.1102161415469799,2
2,7,128,1933,0,0,0,0.8848031358816454,2
1,2,152,1996,0,0,2,0.7783817211105574,2
2,12,367,2022,0,1,2,0.36403363917564724,2
0,7,179,1880,0,0,1,0.5251909913937144,2
0,12,361,1847,1,1,2,0.2980625796793892,2
2,1,266,1959,1,0,0,0.7301861825651931,2
0,12,173,1939,1,0,1,0.2952874732079148,1
0,8,90,1990,0,0,0,0.08301724136741939,1
0,6,327,1979,1,0,0,0.9744003401155683,1
1,5,120,1922,1,0,2,0.389630996320526,1
2,2,140,1849,1,0,1,0.016995544909899518,2
0,11,248,1832,0,0,2,0.2600588631826811,1
0,12,182,1946,1,0,2,0.14700808102762608,1
0,6,139,1887,1,1,2,0.3174479715045444,1
2,4,311,2010,1,1,1,0.13382879849513218,2
0,3,275,1946,1,0,0,0.6778396255499802,1
2,2,85,1987,0,1,2,0.4355599765112652,2
1,2,336,2007,0,0,2,0.9734310369443261,2
0,9,83,1947,1,1,0,0.34330755865892426,0
2,8,151,1815,0,1,1,0.280901551323135,2
0,8,365,2013,1,1,1,0.9803070981617895,2
1,3,150,1996,0,0,1,0.7839157385029717,2
0,2,191,1848,0,0,2,0.029499746164330265,1
1,9,194,1805,1,1,0,0.2443952347813213,1
0,1,267,1910,0,0,0,0.3264112301981801,1
1,2,182,1870,0,1,0,0.5920413086592435,2
0,12,336,1857,1,0,2,0.6852139632438724,1
1,6,84,1845,1,0,0,0.16005930474460972,0
1,9,112,1956,0,0,0,0.1969738555731365,1
1,2,255,1824,0,0,2,0.2927755476540119,2
1,10,231,1874,0,0,2,0.7963151450894888,2
0,1,326,2015,0,1,1,0.9911264296969936,2
1,4,187,1983,0,0,1,0.40103253574230857,2
1,3,325,1947,0,0,1,0.8859896588758728,2
1,6,78,1937,0,1,1,0.8358694365540276,2
1,10,85,1916,0,1,2,0.764544091431902,2
0,3,117,1804,0,0,2,0.9161858267236755,2
2,3,100,1974,0,0,1,0.6348324431946808,2
0,9,276,1806,0,0,0,0.8881519272737592,1
0,9,209,1991,1,1,2,0.2931837836447305,2
0,10,66,1905,1,0,2,0.4966999662187961,0
2,7,358,1882,0,0,2,0.498926777283241,2
2,11,282,1890,1,0,0,0.10056836363957311,1
2,5,52,1871,0,1,2,0.5147027589921234,2
0,4,52,1820,1,1,1,0.7637233841416902,1
1,7,104,1813,0,1,2,0.9866784209321104,2
1,5,227,1816,0,0,2,0.8519067437224764,2
0,7,169,1906,0,0,2,0.8128193456867954,2
1,9,110,1934,1,0,1,0.3960595020705998,1
1,6,317,1820,0,0,2,0.6597356384682554,2
0,11,91,1909,1,0,0,0.8789891009715111,0
2,9,364,1875,1,1,1,0.10916637724888467,2
1,2,221,2001,0,1,1,0.05771769760443313,2
1,1,186,1813,0,0,0,0.393292536308825,1
1,7,393,1805,1,1,1,0.006997476966763672,2
0,8,317,1860,1,0,1,0.8640337571544426,2
2,3,353,1985,0,1,2,0.7044255221923859,2
1,5,330,1890,0,1,1,0.9625509803147905,2
0,1,376,1996,1,0,2,0.12346548832968851,1
1,5,207,1996,1,0,1,0.11811090112782352,2
2,7,140,1906,0,0,0,0.6382218703238077,2
0,3,234,1828,1,1,0,0.7211247647330734,1
1,2,188,2014,1,0,0,0.6393316534952651,1
1,5,197,1856,1,0,2,0.37364743105712217,1
0,3,209,1819,1,1,1,0.14897865717780556,2
1,5,380,1813,1,1,1,0.524190667714809,2
2,5,232,1871,0,0,1,0.22437644739484464,2
0,4,90,1849,1,0,1,0.9576581881969953,1
0,3,382,1810,0,1,0,0.9662701554735591,1
2,7,241,1974,0,0,1,0.6945723354883448,2
0,12,323,1853,0,0,0,0.27627941516000276,1
0,7,296,2023,0,0,2,0.6168651789228596,1
0,5,284,1846,0,1,1,0.9338379517233228,2
1,9,156,1819,0,1,0,0.03795459371555532,2
2,9,245,2017,0,1,0,0.8870040183947342,2
0,12,282,1882,0,1,0,0.1819402314671974,1
2,2,184,1985,0,0,1,0.05558366521626934,2
1,8,98,1833,0,1,2,0.8705264250442009,2
0,2,152,1944,0,0,2,0.9247058666450546,2
1,3,323,1937,0,0,1,0.37157867401181466,2
2,8,387,1847,0,1,1,0.558424605609318,2
1,5,94,1936,1,1,2,0.2188633941037017,1
2,1,188,1868,0,0,1,0.9245551462743399,2
0,10,281,1955,0,0,2,0.21645249878412354,1
0,3,347,1915,0,0,1,0.8908705313496791,2
2,12,301,2021,1,1,0,0.4758012889465537,1
0,3,347,1929,1,0,2,0.6344211005189037,1
2,8,400,1989,1,1,0,0.621583699077207,2
1,3,197,1803,1,1,2,0.7052204138699638,2
1,8,267,2023,1,0,1,0.9754623203350302,1
0,8,312,1845,1,0,1,0.9629205472764326,2
1,8,98,1916,1,0,0,0.870191470854081,0
2,1,68,1866,0,1,1,0.2679253679658711,2
2,3,80,1968,1,1,1,0.863712919449572,2
1,7,215,1863,0,0,2,0.8762402120566244,2
0,12,71,1928,0,0,2,0.9283224205267756,2
1,7,346,1892,0,1,0,0.7766334785515884,2
0,1,330,2022,0,0,0,0.9732135298295279,0
0,5,156,1834,0,0,1,0.19982468878146586,2
0,3,307,1871,0,0,0,0.5292267471537357,1
2,10,196,1877,0,1,2,0.025851732273802552,2
2,1,362,1820,0,1,0,0.5825614773867309,2
0,6,192,1966,0,1,0,0.7763115910321838,1
2,8,306,1915,1,0,0,0.05938022287394995,1
1,1,348,1859,1,0,1,0.9137419108544654,2
2,12,184,1936,0,1,0,0.0415108332589843,2
1,7,384,1908,1,0,0,0.7004305227098737,1
0,6,103,1920,1,0,0,0.5779560127239632,0
1,3,270,1926,0,0,1,0.4152707385614154,2
0,4,391,1945,1,0,0,0.8582900342694919,1
0,2,79,1926,0,0,2,0.2513391511638884,1
1,10,350,1969,0,0,1,0.5619902591691444,2
2,7,215,1918,1,0,0,0.33388223890400737,1
0,11,367,1902,1,1,2,0.43265589517943215,2
1,9,386,2007,1,1,0,0.4203254661811193,1
2,12,257,2015,0,0,2,0.4495774928372237,2
2,7,101,1848,1,1,2,0.5052228172062312,2
2,8,351,1987,0,0,2,0.9840777920587804,2
2,1,97,1839,1,0,0,0.06452237284692885,1
1,5,216,1892,0,0,1,0.6899737116713406,2
1,8,312,1868,1,1,1,0.8273258743063485,2
0,10,259,1898,0,1,2,0.086154690722265,2
0,9,275,1832,0,1,0,0.1763881154237621,1
2,3,117,1921,0,0,0,0.11174805346679384,2
1,1,215,1907,1,0,1,0.8614871083154111,2
1,2,337,1866,0,0,0,0.18126337001441972,1
1,4,158,1947,1,0,0,0.556204215119864,1
2,11,168,1910,1,0,2,0.3032479383293897,2
1,10,276,2023,0,1,2,0.20719331848713973,2
1,2,284,1811,1,1,1,0.05568164672365539,2
0,10,262,2020,0,1,2,0.1485979654160421,1
1,6,236,1845,0,0,0,0.3980155073552506,1
1,3,365,1803,1,1,2,0.00998641461119476,2
1,8,378,1874,0,1,1,0.26521514741730934,2
1,6,376,2025,0,1,2,0.5337467899956727,2
1,5,355,2017,0,1,2,0.08239280936581173,2
0,6,336,1894,0,0,2,0.15780975011242282,1
1,11,133,1880,1,0,2,0.04226006099553836,1
2,2,230,2008,1,1,2,0.721983088406194,2
1,12,174,1873,0,0,2,0.8891019023076996,2
1,6,253,1859,0,0,2,0.6014022464570834,2
2,7,333,1957,1,1,0,0.2501231186610188,2
2,4,379,1999,0,0,1,0.3200512025139759,2
1,4,51,1905,1,0,2,0.7124338866594909,1
0,5,53,1996,1,1,1,0.7650945787670584,1
1,5,382,2015,0,0,1,0.46017962965089554,1
2,8,176,1884,1,1,0,0.12571835897697092,2
2,2,89,1995,1,1,0,0.2673097230023791,1
2,12,319,1910,1,0,1,0.12426123902839792,2
2,1,308,1849,1,0,0,0.6821337189387772,2
0,8,286,1945,0,0,2,0.6273223918163355,2
2,7,245,2025,0,1,0,0.19158600683788918,1
2,11,349,1974,1,1,0,0.1453405716335715,2
0,5,93,2019,1,1,1,0.9980339996155041,1
2,3,181,1968,0,1,2,0.6989451636547751,2
0,5,357,1898,1,1,2,0.5307824274924468,2
1,3,328,2003,1,0,2,0.2430895071368202,2
0,8,347,1994,0,1,2,0.5615952808133383,2
1,9,177,1974,0,0,2,0.9729107252379275,2
0,8,106,1927,0,1,1,0.8008608999609056,2
2,1,251,1857,0,0,0,0.7286415448246493,2
1,9,334,1992,0,1,0,0.1943391035020683,2
1,8,253,1817,0,0,0,0.06445858998314236,1
0,4,176,1873,0,0,2,0.6939551989310779,2
1,5,314,1936,0,1,1,0.9630968651669503,2
1,7,54,1857,0,1,0,0.825736551981331,2
0,5,241,1953,0,0,2,0.9235253307745896,2
1,11,346,1940,1,1,0,0.5064826903141545,2
2,2,224,1972,0,0,1,0.5173588834555432,2
1,6,311,1890,0,0,2,0.4823747512050556,2
0,6,243,1866,0,0,1,0.8718070089987748,2
2,12,345,1814,1,0,0,0.9985090625033871,2
1,10,130,1817,0,1,0,0.1630666199278975,2
0,1,129,1998,1,1,2,0.41676407525821324,1
0,2,201,1967,1,0,0,0.07141424245078654,0
1,8,178,1911,1,1,0,0.2294632600638571,1
2,9,241,2026,1,1,0,0.9009744882502732,1
1,6,389,1988,1,0,1,0.6062323560101762,2
1,4,371,1951,1,1,2,0.6305770167836596,2
0,8,204,2005,1,1,0,0.14585945859780314,1
0,7,289,1811,0,0,1,0.12298905996515563,2
2,9,255,2013,1,1,2,0.2845997132604442,2
0,11,358,1967,0,1,2,0.300260594892222,2
0,10,364,1998,0,0,0,0.9963416779410506,1
2,10,94,1839,0,0,1,0.28252008908293236,2
0,11,256,1982,0,0,1,0.4413188883017046,2
0,5,378,2018,0,1,1,0.13046025001573391,1
2,3,341,1813,0,1,2,0.5731255907636464,2
2,11,92,1811,1,0,0,0.14899813096810188,1
1,11,271,1803,0,0,2,0.5245728836247605,2
0,7,394,2019,0,1,0,0.5795606750776422,1
1,8,343,1869,0,0,2,0.2712789581270415,2
1,9,344,2003,1,1,1,0.6205973975766723,2
2,3,333,1839,0,0,0,0.35297052860448885,2
0,5,193,1839,0,1,0,0.32753939401830356,1
1,5,82,1973,1,0,0,0.9554238142229635,0
0,10,91,1940,1,1,0,0.5245458928559973,0
0,10,201,2025,1,1,2,0.7933762336344917,1
2,7,358,1993,0,0,0,0.2201402510869751,2
0,3,371,1955,0,0,0,0.1751801636268604,1
2,10,65,2025,1,1,1,0.8429938243786659,1
2,4,224,1964,0,0,1,0.6079586508925543,2
1,7,193,1905,1,0,1,0.35766688002750846,2
1,11,94,1877,1,0,1,0.021241043911075397,1
1,7,305,2011,1,0,2,0.9164202794280075,2
1,9,143,1965,1,1,1,0.5236776126401312,2
0,4,377,1814,0,0,1,0.5173817894574358,2
2,6,157,1829,1,1,2,0.9810933175507971,2
1,2,307,2000,1,1,0,0.42064192648188836,1
2,3,356,1993,1,1,1,0.6876926698308752,2
2,1,82,1822,1,1,2,0.8209819082282345,2
0,6,205,1873,1,0,2,0.2181805113826938,1
0,4,388,1816,1,0,1,0.2726603141502357,1
0,8,200,1805,0,1,1,0.9294339218551932,2
0,2,281,1820,1,0,1,0.3379824028524828,1
2,12,208,1889,0,1,0,0.8927793056290213,2
0,7,217,1992,1,1,2,0.24150944964602583,2
2,12,234,1866,0,0,1,0.7470349034222493,2
0,8,139,1869,1,0,0,0.8833069358313305,0
1,6,128,1805,0,0,1,0.6716282811444615,2
0,5,93,1915,0,0,1,0.11542944855804915,2
2,3,185,1871,1,0,0,0.4889049997123138,1
2,7,199,1845,0,1,0,0.40981290416022975,2
1,7,123,1925,0,1,1,0.6204074043494301,2
2,6,83,1926,0,0,1,0.5171217488275797,2
0,2,58,1958,1,1,2,0.78984053262948,1
0,7,182,2026,0,0,2,0.6930051650742177,1
1,12,381,1965,0,0,0,0.12215870647010996,1
2,7,309,1883,0,1,0,0.7851613177223137,2
2,5,325,1996,0,0,0,0.7239567608797376,2
1,5,156,1851,1,1,1,0.5711784715965872,2
0,6,86,1867,0,1,2,0.41109599985781997,2
1,3,67,2026,0,1,2,0.34703025680819255,1
1,2,283,1855,1,0,0,0.5891634201186786,1
1,9,176,2025,0,1,0,0.7576629727740459,1
0,3,185,2005,0,0,1,0.08863061664656657,1
2,8,316,1975,0,0,1,0.00013103310972328863,2
1,4,68,1886,0,1,2,0.37280345635611245,2
2,2,147,1935,0,0,2,0.7334921911462463,2
1,3,341,1818,1,0,0,0.1231257000982946,1
2,3,80,1909,1,1,2,0.4605338392080549,2
2,9,379,1808,1,1,0,0.6301819307590911,2
0,10,338,1944,0,1,2,0.171418362474701,2
0,11,262,1864,1,0,0,0.01845854037950112,0
1,5,194,1962,1,0,2,0.875623282727571,2
0,9,263,1836,0,0,0,0.2742293456537902,1
1,1,210,1822,1,0,2,0.24348601526320002,2
1,7,383,1927,1,0,0,0.8595342866701633,1
0,12,338,2007,0,1,0,0.49892527333844705,1
1,9,242,1845,1,1,2,0.8672401996174052,2
1,11,288,1894,0,0,2,0.8747032246127405,2
0,1,360,2017,1,0,2,0.7905779968478118,1
0,3,154,1967,0,1,0,0.5219825736045477,1
1,7,297,1866,1,1,2,0.34261754150837453,2
0,6,332,1853,0,0,0,0.4361534229627261,1
0,7,337,1807,1,0,2,0.5897029637242943,1
1,10,129,1928,1,1,0,0.5600028629701821,1
2,8,376,2024,0,0,1,0.2721059159354944,2
1,10,154,2016,1,1,2,0.42624804315929943,1
2,7,260,1847,0,0,0,0.07739244129506129,2
2,4,240,1923,0,1,1,0.5865240552835688,2
1,7,231,1914,1,1,1,0.10254370335341068,2
1,8,161,1983,1,1,0,0.850349408608809,1
0,6,178,2008,0,1,1,0.6262111826623684,2
1,4,361,1944,1,1,1,0.7193458465690232,2
1,1,219,1948,1,1,2,0.5549618844799942,2
2,4,295,1858,0,0,2,0.4076689958415666,2
1,9,298,1845,0,0,0,0.12462922209079297,1
2,12,108,1977,1,1,0,0.29180176540792035,1
2,3,213,1802,1,1,0,0.7484638374918117,2
0,7,157,2014,1,1,2,0.10902059090642147,1
2,5,346,1906,1,0,2,0.6300607360796097,2
1,2,118,1997,1,1,2,0.4521156683298877,1
0,12,336,1979,0,0,1,0.23729018896666454,2
2,2,146,1847,0,1,0,0.1450977133873036,2
2,8,213,1861,0,1,1,0.08315219205550772,2
2,10,369,1935,1,0,0,0.02503816987191443,1
0,11,231,1883,1,1,0,0.40963135593174427,1
2,12,55,1896,1,0,1,0.6853886535931832,2
2,6,72,1972,1,1,0,0.3806448180469074,1
0,7,302,1975,1,0,0,0.07491150047306727,0
1,8,142,1988,0,1,0,0.910616353412538,2
2,9,393,1914,1,1,1,0.6724140760858746,2
1,4,178,1831,0,0,2,0.03492076087061291,2
0,4,89,2024,0,1,0,0.6594011893992212,1
2,8,71,1911,0,0,2,0.4223814294551431,2
1,11,131,1994,1,0,0,0.6278782937916688,1
2,10,219,1962,1,1,1,0.3724327661252541,2
1,9,182,1869,0,0,1,0.7320743284852317,2
1,12,293,1818,1,0,2,0.18267901793679442,2
2,6,382,2025,0,0,0,0.055422551520947994,1
1,7,112,1993,1,1,2,0.5857533929645589,2
0,12,83,1837,1,1,1,0.29387075625739567,1
1,12,389,1998,0,1,1,0.5328200256933344,2
1,4,373,1825,0,1,0,0.5528161966407028,2
2,12,132,1925,0,1,1,0.6590213855569576,2
1,10,363,1814,1,0,2,0.12029649614196047,2
1,1,145,1950,1,1,0,0.6046719846737619,1
2,6,276,1939,1,0,0,0.9340571832209268,2
1,3,79,1976,1,0,2,0.5931773995324628,1
2,4,138,1999,1,1,2,0.3034506858719287,2
2,4,241,1977,1,0,0,0.07103576722871952,1
1,3,162,1992,0,0,0,0.2312785427097439,1
0,7,195,1968,0,1,2,0.4596695702056086,2
1,8,215,1978,1,0,1,0.4003507537444455,2
0,9,380,1843,1,1,1,0.16549976726279603,2
2,6,165,1897,1,0,2,0.2196533429067099,2
0,3,115,1980,0,0,1,0.35583619303794833,2
1,2,58,1996,0,0,2,0.8936444968687249,2
1,1,152,1816,0,1,1,0.4525543327673478,2
2,1,328,1959,0,1,2,0.7190954858428351,2
1,12,123,1945,1,1,0,0.14526667373767654,1
0,3,362,1862,0,0,0,0.8719153783931974,1
0,6,293,1980,0,1,2,0.6183743639368046,2
2,7,317,1902,0,0,1,0.530634636713142,2
1,9,209,1828,0,1,1,0.3502771696539787,2
2,3,116,1921,0,1,2,0.9323432174224939,2
2,3,352,1965,0,1,1,0.7732111105737238,2
2,4,226,1828,0,0,1,0.6595452201671895,2
2,4,126,1952,0,1,1,0.10477851632514013,2
2,2,306,2020,1,0,2,0.42202242122732136,1
1,8,113,1905,1,0,2,0.8732471056875213,1
1,1,289,1829,0,0,2,0.9706338863590057,2
1,9,325,1941,1,0,1,0.472024392482153,2
2,9,146,1975,0,1,1,0.7505231932858931,2
1,7,114,1973,0,0,1,0.34264356905843163,2
2,8,217,2006,0,0,0,0.5579971324581238,2
1,4,274,1828,1,1,0,0.9595736090047757,2
2,7,64,2014,0,0,1,0.578666468131827,2
1,5,340,1811,0,1,0,0.0063514987966960534,2
0,6,230,1834,1,0,0,0.5497522388288041,1
0,7,233,1826,1,0,0,0.14050404972287256,0
2,4,236,1881,0,0,1,0.3458579213456555,2
0,6,146,2001,0,1,0,0.04443423869322072,1
1,5,233,2013,0,1,0,0.3437331702898475,1
2,2,328,1987,0,1,2,0.4575110208945955,2
1,10,146,1865,1,1,2,0.06505802078116774,2
2,10,136,1973,0,1,0,0.498329934235765,2
0,1,316,1820,1,1,2,0.8153124259002114,2
1,9,379,1994,0,0,0,0.767673734103041,1
2,2,120,1801,0,1,0,0.6434327934918306,2
1,12,159,1972,1,1,0,0.06808614841980176,1
1,9,176,1890,1,0,2,0.5558530263761102,2
1,9,225,1963,0,0,1,0.4664834322338487,2
1,1,77,1891,1,1,1,0.9030643348093292,2
2,5,207,2011,0,1,0,0.4082400950210425,2
2,5,145,1905,1,1,2,0.016453326277683145,2
0,10,140,1912,0,0,1,0.8739522336173581,2
2,5,95,1941,0,0,0,0.7893860375624598,2
1,11,82,1911,0,0,1,0.502842590157574,2
2,9,358,1906,0,1,2,0.8575808512010819,2
0,10,387,1817,0,1,0,0.3876589768093195,1
2,9,94,1964,0,1,1,0.15420932087847838,2
2,11,216,1956,0,0,0,0.5616003600620603,2
1,11,319,1848,1,1,2,0.9607968491585298,2
2,5,246,1938,1,0,2,0.7072331782526955,2
1,6,70,1964,1,1,2,0.4545216944231425,2
1,4,63,1834,0,0,0,0.3600029112984299,1
0,1,53,1868,0,0,1,0.7489750644521732,2
2,9,328,1835,0,1,2,0.15911392693513704,2
2,10,379,1867,1,1,1,0.685395594627581,2
1,8,158,1913,0,0,2,0.8480469940484577,2
0,12,378,1806,0,0,1,0.2871445287008535,2
2,10,347,2010,1,0,2,0.4219428530635506,2
0,9,222,1848,1,1,0,0.040524110945633574,1
2,10,325,1952,1,0,0,0.7756647780131908,2
2,4,88,1946,0,1,1,0.6558519489741959,2
2,5,317,1805,1,0,1,0.5080811953214666,2
1,6,335,1989,0,0,1,0.17539508188698283,2
2,7,390,1936,1,1,1,0.5098592995160179,2
0,4,208,1837,0,0,2,0.189230293624852,1
1,11,276,1972,1,1,0,0.24696847041463033,1
1,5,302,1926,0,0,2,0.8873949006311767,2
0,4,330,1986,0,0,2,0.6775512627668246,2
2,1,75,1827,1,0,2,0.17016517185812075,1
1,7,94,2026,0,1,1,0.3209355500170171,2
2,10,345,2008,0,0,0,0.8104937346302276,2
1,11,193,1839,1,0,1,0.5195009460297362,2
2,3,144,1876,1,1,0,0.613171279358161,2
1,6,354,1974,1,1,1,0.7902064238704698,2
2,1,364,1914,0,1,1,0.17991975244658276,2
1,2,297,1944,0,1,0,0.20345606924600268,2
0,5,79,1873,1,0,1,0.08213819080468221,1
1,12,346,2008,1,0,0,0.42535217959518123,1
2,10,306,1996,0,0,0,0.5950274767594851,2
1,3,189,1910,0,0,1,0.9127341238288662,2
0,10,103,1854,0,1,1,0.9003215166326104,2
1,8,213,1855,0,0,0,0.8472931655690065,1
2,11,309,1803,1,1,0,0.7939919817916521,2
1,3,287,1886,0,1,2,0.22920151717630688,2
0,11,117,1804,0,0,2,0.02391829649038535,1
2,2,166,1868,1,0,0,0.5824500356400991,1
2,7,182,1971,1,0,0,0.43970193821620507,1
1,9,237,1851,1,1,2,0.606998417871888,2
2,2,238,1820,0,0,2,0.17990803497893437,2
0,8,203,1903,0,1,1,0.5240592950738265,2
1,7,239,1913,0,0,0,0.1484683183962161,1
2,5,88,1801,1,0,2,0.725513977967311,2
1,1,147,1810,0,1,0,0.16950988598259908,2
1,10,81,1833,0,1,1,0.5787131455220674,2
2,3,281,2003,0,1,0,0.2288913659846863,2
0,1,238,1960,1,0,2,0.014464804938695619,1
2,11,140,1906,0,0,1,0.3870785459060282,2
1,5,323,1958,1,1,0,0.9828877069350709,2
1,3,250,1970,0,1,0,0.506494241604599,2
1,10,302,1972,0,1,1,0.2799621816414706,2
0,8,330,1848,1,1,1,0.2868500466939673,2
2,10,58,2023,1,0,0,0.6750256395783929,0
2,4,170,1871,0,0,1,0.19786529234121808,2
2,2,66,1976,1,1,2,0.2932014707359588,2
2,11,323,1857,0,0,1,0.564086134560768,2
0,12,152,1900,0,1,1,0.49446106457743555,2
0,11,297,1927,1,0,1,0.2890011624075619,1
0,5,264,1943,1,0,2,0.941114990902082,1
0,12,52,1949,1,0,0,0.21601986881229251,0
2,1,103,1989,1,0,0,0.09893583805553696,1
1,6,216,1953,0,0,2,0.10327649919975534,2
1,9,227,1908,0,0,2,0.8714705046666666,2
2,5,148,2016,0,0,0,0.07112369835469246,1
0,4,89,1935,1,0,2,0.9469998425142104,1
1,1,193,1887,1,1,0,0.5346426467270162,1
2,1,187,1828,1,0,0,0.48469707907464243,1
2,11,156,1914,1,1,1,0.5335525208247853,2
2,11,399,1872,0,1,2,0.5486568340935825,2
2,1,279,1806,1,1,1,0.3174871052921828,2
2,6,86,2017,0,0,1,0.20825797654352196,2
1,3,251,1818,0,1,1,0.9200952193753179,2
1,12,349,1871,1,1,2,0.7711355149210357,2
2,3,107,1948,0,1,2,0.6603999101020088,2
0,11,74,1834,1,0,1,0.23353904765503763,1
0,5,177,1813,0,0,0,0.3230869558100178,1
0,10,266,2026,1,0,1,0.5314777855896315,1
0,3,359,1860,1,0,1,0.8281997740961881,2
0,3,353,1911,0,0,2,0.9786198973466633,2
0,5,230,1864,0,1,0,0.8932029678896062,1
1,12,283,1880,1,1,0,0.6742504813937269,2
0,9,254,1912,0,0,2,0.5310481624556118,2
1,1,77,1918,1,1,1,0.7543876822986493,2
0,7,73,1855,0,1,1,0.24174565687641414,2
1,12,343,1935,0,0,0,0.8378543871753736,1
0,7,299,1972,1,1,1,0.1834659135907284,2
2,2,296,2013,1,1,0,0.6431896830686332,2
0,2,107,1833,0,1,0,0.8521911886093323,1
0,4,116,1853,1,0,0,0.2840108830482666,0
0,4,94,1888,1,0,2,0.591131044220248,1
1,7,273,1817,0,0,0,0.7124762507849108,1
2,10,333,1882,0,0,1,0.3981460240143414,2
1,1,146,2005,1,1,1,0.6178728083093328,2
0,8,351,1910,0,1,2,0.6107419927854403,2
0,6,240,1963,1,0,1,0.6768236677274563,2
2,6,94,1938,0,1,1,0.12818761036745419,2
0,9,380,1871,1,1,2,0.09521278178413084,2
1,7,300,1993,0,1,2,0.4230665401330045,2
0,5,197,1887,0,1,2,0.8690516674495767,2
1,8,210,1958,1,1,1,0.7439825923939033,2
0,10,216,1803,1,1,2,0.6602634871836328,2
0,6,339,2007,1,0,2,0.2518507091860145,1
1,7,56,1995,0,1,2,0.16445596634510906,2
0,6,161,1864,1,0,2,0.05997266714819671,1
1,12,120,1827,0,0,0,0.8902812467496155,1
0,9,216,2009,1,1,1,0.15857276932508335,2
0,12,243,1909,1,1,0,0.9610278945471451,1
0,6,282,1826,0,1,2,0.11716073366248547,2
1,12,61,1974,0,1,1,0.09868478032810235,2
1,1,137,1962,1,0,1,0.18027550781841695,2
1,12,240,1831,0,1,0,0.5769115455805744,2
2,7,221,2026,1,1,0,0.28641330950418264,1
0,8,86,1874,0,0,1,0.4250578404819102,2
1,11,250,1923,1,1,0,0.23338126007284365,1
2,1,348,1860,1,1,0,0.7445362621385403,2
1,8,204,1998,1,0,1,0.13900316451648576,2
2,11,269,1911,1,0,0,0.981235559755878,2
2,7,101,1956,1,0,2,0.7143279973706661,2
0,12,51,1898,1,1,2,0.8304046826218253,1
2,3,267,1891,1,1,0,0.2692567677848037,2
1,8,154,1952,0,0,0,0.7425504139002166,1
2,11,291,1884,1,1,1,0.5251820938739468,2
0,11,185,1880,1,1,2,0.5468117851930064,2
1,5,321,1860,1,0,2,0.47881151625304474,2
1,11,217,1831,0,1,2,0.0468264584219491,2
2,5,141,1998,0,1,2,0.33382403379113157,2
0,8,188,1857,1,1,2,0.10542996007851069,1
1,3,114,1820,1,1,0,0.8232587014105067,1
2,11,350,1960,1,0,2,0.49031528552298465,2
2,9,383,1818,1,0,1,0.5166711533641973,2
2,4,179,1821,0,0,2,0.5278378871489525,2
0,2,269,1986,0,1,0,0.9526417428367256,1
0,11,220,1915,1,1,2,0.5117253638241112,2
1,9,172,1858,1,1,1,0.5193684619776018,2
2,9,107,1880,0,0,1,0.020338618963352206,2
2,7,152,2001,0,0,1,0.8809258205968284,2
0,7,393,1899,0,1,1,0.8878950459470486,2
2,4,295,1975,0,1,0,0.8688226976504586,2
1,6,318,1826,1,0,0,0.6820156781854214,1
1,8,151,1944,0,0,2,0.37385871337844645,2
1,5,382,1921,1,0,2,0.29723742188873337,2
1,2,393,1953,1,1,1,0.10346263318487847,2
2,8,97,1907,1,0,1,0.6776032932682631,2
0,3,356,1918,0,0,2,0.23219349733025907,1
1,8,76,1924,1,0,2,0.1325375443577287,1
1,4,176,1848,0,1,0,0.8525236681634641,2
1,1,293,1891,0,0,0,0.7997610903501524,1
0,9,259,1960,0,1,0,0.6538907919520741,1
1,4,279,2015,0,0,0,0.1453288258244192,0
1,3,185,2023,1,1,0,0.9449029320975433,1
2,9,346,1825,1,0,2,0.7570980102558238,2
2,1,367,1972,0,1,0,0.3122006014250248,2
2,3,141,1974,1,1,1,0.9395700732708437,2
0,8,396,1982,1,1,1,0.5623060125867545,2
0,5,86,1810,1,1,0,0.4310215589852989,0
0,7,296,1863,0,1,0,0.11898819127576987,1
0,2,217,1809,1,1,0,0.1837863145512869,1
2,5,116,1856,0,0,0,0.2946578616045321,2
1,5,397,1992,1,1,0,0.9981397974718287,2
1,3,355,1831,0,0,0,0.3284315287223236,1
0,5,54,1807,0,0,2,0.403577127652219,1
1,11,167,1848,0,0,0,0.9518242656216196,1
2,8,133,1880,0,1,1,0.3076547858559221,2
0,11,372,1828,1,1,2,0.7102502251135397,2
1,11,110,1961,0,0,1,0.40407820124316374,2
2,1,73,1889,1,1,0,0.826581942201422,1
1,4,75,1880,1,0,0,0.9018228106123328,0
1,5,179,1956,1,1,0,0.4236533739216046,1
0,6,358,1857,0,0,2,0.0740295085537831,1
2,5,347,2020,0,0,2,0.4660570473010277,2
1,5,95,1870,1,1,0,0.989945873377701,1
0,7,164,1927,0,0,2,0.007653168926529341,1
0,4,373,1930,1,0,0,0.9854679727414903,1
0,2,94,1988,1,0,2,0.5560916878036839,1
1,2,162,1843,1,1,1,0.3627817389993473,2
2,5,374,1978,1,1,0,0.1885573112812906,2
2,10,280,2003,0,0,2,0.3547075251495053,2
0,8,362,1843,0,1,1,0.5628954879557875,2
1,10,237,1937,1,0,1,0.34194407326315057,2
1,12,274,2013,0,1,1,0.6368721511009192,2
1,10,373,1998,1,1,2,0.6500872881020655,2
1,12,348,1950,1,0,1,0.6532976967696892,2
0,5,93,1981,1,1,0,0.8465425704930997,0
2,4,203,2020,0,1,1,0.6233687633241369,2
2,6,250,1816,0,0,1,0.8360088266645084,2
0,10,360,1968,1,1,2,0.030497178760158783,2
1,6,349,1969,1,1,1,0.3846027433029704,2
2,9,370,1984,0,0,2,0.9136703040852879,2
0,4,301,1874,0,1,1,0.9607214525387768,2
1,1,145,1908,0,1,2,0.2800540152971861,2
2,9,400,1971,1,1,2,0.556638311741359,2
0,1,241,1926,0,1,1,0.30443305937785414,2
2,10,359,1843,0,0,0,0.5934082154103395,2
0,5,311,1803,0,0,2,0.2117185562197873,1
1,5,57,1966,0,1,0,0.017761861431985326,1
2,3,108,1971,0,0,0,0.5077484393144316,2
1,2,176,1905,0,0,1,0.6792240456370529,2
1,5,279,2003,1,0,1,0.11506029495967263,2
2,4,370,1918,0,1,2,0.35412105139050765,2
2,9,187,1835,0,0,1,0.7053813790248983,2
2,2,282,1839,1,0,1,0.02387072899923004,2
1,3,276,1858,0,0,2,0.6856281924301044,2
2,1,237,1864,1,1,2,0.683597112213342,2
1,8,291,1902,1,1,2,0.25944783688730955,2
1,10,228,1897,0,0,1,0.9038447497676604,2
2,2,156,1986,1,1,2,0.5893281396600787,2
0,1,208,1803,0,0,0,0.9379030698418226,1
2,11,157,1954,1,0,1,0.8818127651337415,2
2,2,257,1828,0,0,0,0.14938193534617172,2
2,8,250,1883,1,0,2,0.03414126223541569,2
0,5,347,1904,0,0,0,0.07019251418499728,1
0,5,310,1918,0,0,0,0.20580590713630043,1
1,5,252,1910,0,0,1,0.11797796840339492,2
1,8,261,1895,1,1,0,0.7736043469827493,2
0,10,241,1921,1,1,2,0.39424504389892256,2
2,6,249,1847,1,1,2,0.016246057439418538,2
2,9,133,1927,1,1,2,0.8327353151449471,2
2,4,53,1828,1,0,2,0.02177757843922934,1
1,8,147,2000,1,1,0,0.3340139520082759,1
0,11,397,1901,1,1,0,0.6016839670258957,1
0,10,264,1849,1,0,0,0.439105974307753,0
2,11,379,1894,0,1,2,0.9669939794502541,2
2,5,250,1904,0,1,1,0.6498481858980958,2
0,3,89,1841,1,0,2,0.4809723078694099,0
0,5,140,1965,0,0,0,0.5847190826121111,1
2,10,316,1853,0,1,2,0.5352485309460937,2
2,3,195,2000,1,0,0,0.6887012460393511,1
0,3,262,1886,0,1,1,0.23395131628799537,2
1,12,250,1934,0,0,2,0.4429384903936262,2
1,5,251,1975,0,1,0,0.20052407215122658,2
2,5,60,1804,0,1,0,0.6514395847036101,2
2,2,83,1833,0,0,0,0.5617184933792485,2
1,6,373,1998,0,1,0,0.5053344242278811,2
1,7,245,1877,1,0,2,0.662495197081548,2
2,9,109,1933,1,1,2,0.23719858199185495,2
2,2,332,2026,0,0,1,0.45934303501250207,2
2,3,219,1950,1,1,0,0.7964413490373099,2
0,9,298,1894,0,1,1,0.5928163793513662,2
1,10,120,1952,0,1,1,0.7603403310582085,2
1,8,366,1943,0,0,2,0.11900030095536696,2
1,7,360,2016,1,0,2,0.7231841446514109,1
2,10,164,1818,0,0,2,0.020218496113239115,2
1,11,141,1936,0,1,0,0.2635975838584098,2
1,5,354,1981,0,0,2,0.39651494968448575,2
2,2,161,1878,0,0,1,0.2250582245078896,2
0,2,201,1886,1,1,0,0.816788106433877,1
2,10,282,1855,0,1,0,0.1973424757532376,2
0,12,238,1859,0,1,0,0.0961328574763275,1
0,7,172,1936,1,0,2,0.980650142780662,1
0,7,234,1887,1,0,1,0.5541802659490651,2
1,4,345,1974,0,0,0,0.8939274696226082,1
1,10,221,1887,0,0,0,0.5536375029316932,1
1,5,142,1909,0,0,2,0.3019014473765399,2
2,1,356,1977,0,1,1,0.22089528627545119,2
1,5,65,1910,0,0,2,0.9708340871315781,2
0,7,218,1966,1,0,0,0.9808443375840249,1
0,3,371,1894,0,0,2,0.40390181211035425,1
0,6,186,2021,1,0,1,0.9198013441882512,1
1,5,394,1810,1,1,0,0.42850929998967235,1
2,9,184,2012,1,0,0,0.9481863453794133,1
2,9,256,1997,0,0,2,0.27349801778541805,2
2,7,204,2015,0,0,0,0.6058382434024961,1
2,12,306,1820,0,0,1,0.5349711986480823,2
1,8,358,1879,1,0,1,0.6082051816321222,2
0,11,394,1912,1,0,0,0.9688385247549813,1
2,5,273,1805,0,0,0,0.5923559495598898,2
1,5,78,1956,0,1,2,0.7681424867502603,2
0,6,51,1853,1,0,1,0.4782716800148846,0
0,4,400,1985,0,1,1,0.523229285625353,2
1,3,368,1993,1,0,1,0.24819960081859493,2
2,12,60,1936,1,1,1,0.748901784308267,2
2,7,265,1955,0,1,2,0.7058557836642598,2
2,7,175,1841,1,0,0,0.21600708883321362,1
0,8,396,2013,1,1,2,0.4206966489224555,1
0,2,108,1815,1,0,1,0.6992155311044087,1
0,2,278,1876,1,1,2,0.26809503823248326,2
0,11,335,1862,1,0,2,0.9565278572661486,1
2,8,181,1851,0,0,1,0.2194622367510256,2
1,11,258,1913,1,1,2,0.06066598731583961,2
2,11,131,2026,0,0,0,0.12970442567006957,1
2,11,112,1979,1,0,2,0.10604542883802814,1
2,4,273,1897,1,0,1,0.7340562644552987,2
0,9,101,1955,0,0,2,0.30509765959622337,1
2,6,271,1896,1,1,2,0.45319804028521804,2
1,3,311,1846,1,0,2,0.8401953364289256,2
0,3,80,1890,0,1,2,0.30472499810766174,2
0,12,236,1838,0,0,2,0.9175221303143444,2
0,1,139,1964,1,1,0,0.591847235242468,1
0,11,128,1881,1,0,0,0.9479978581000101,0
0,7,251,1997,1,0,1,0.1743193053007034,1
1,11,189,1834,1,0,2,0.9940017463345365,2
1,8,116,2021,0,1,1,0.7447246567499802,2
2,5,316,1845,1,1,1,0.2812239678867968,2
0,12,161,1942,1,0,2,0.6659922344862458,1
2,5,294,1951,0,0,1,0.5253283079379897,2
1,3,90,2012,0,0,1,0.966817294896714,2
2,3,250,1823,0,0,1,0.17482190823678567,2
1,5,119,1916,0,1,0,0.16607629224545684,2
1,5,215,1952,1,0,2,0.3425851611144204,2
1,9,216,1943,1,0,1,0.33210116542254453,2
1,8,90,2014,0,1,1,0.8122459076167732,2
2,4,273,1881,0,0,1,0.0190235382747157,2
0,11,89,1953,0,0,2,0.7931642055658925,2
0,10,173,1873,1,1,1,0.8887340066746545,2
2,5,184,1890,1,0,1,0.8191805125937558,2
2,7,80,2009,0,1,1,0.9411093925667159,2
0,12,366,1920,0,1,1,0.5919286058462883,2
1,5,367,1912,0,1,1,0.9672816733178249,2
2,1,303,1920,0,1,0,0.5387599134557762,2
0,8,308,1945,0,0,0,0.5482788420216403,1
2,9,73,2002,1,1,1,0.025609960610814997,2
1,8,174,1927,0,1,0,0.448547909640738,2
2,10,186,1956,0,1,1,0.9086770228764708,2
2,9,105,1945,1,0,2,0.5779278377391843,2
0,5,399,1926,0,1,2,0.9856236779644598,2
2,10,372,1997,0,0,2,0.8457550113001236,2
1,12,83,1968,1,0,1,0.7433646191640573,1
2,2,231,1823,0,0,0,0.42982775416613683,2
1,6,241,1801,1,0,1,0.23082938105196693,2
0,1,389,1995,1,1,2,0.020320933645113004,2
2,8,390,1875,0,1,0,0.8106241497460277,2
2,12,316,1832,1,0,2,0.35302794958644557,2
2,4,210,1816,0,0,1,0.11919814033434051,2
2,6,307,1935,1,1,2,0.8478379375336348,2
1,6,321,1985,0,1,1,0.39138945033364825,2
0,7,120,1990,0,1,1,0.1428302293361614,2
1,2,399,1950,1,1,0,0.6695119453412781,2
0,2,244,1970,1,0,1,0.7284683496712022,2
0,3,237,1823,1,0,2,0.07185412338506014,1
0,5,207,1975,1,0,1,0.641239161931993,2
2,3,68,1847,1,0,2,0.8852114236229073,1
0,7,184,1995,1,0,1,0.18562917193697692,1
1,11,382,1978,1,1,1,0.35257755254674816,2
1,11,150,1845,0,1,1,0.8244441933149028,2
1,8,99,1956,1,1,0,0.159959893221158,1
1,1,337,1902,1,1,0,0.3616541952613098,1
2,9,76,1872,0,0,0,0.4555787668255512,2
0,1,107,2020,0,1,0,0.765697776011272,1
2,8,337,1817,1,1,2,0.7390944419456433,2
2,1,275,1859,0,0,2,0.4509623817380566,2
0,10,126,1991,1,0,0,0.8909871381554868,0
0,6,283,1855,1,0,2,0.18088370207245907,1
2,1,132,1845,1,1,2,0.8160745212399435,2
0,3,61,1927,1,1,0,0.16410054216198244,0
2,10,390,1911,1,1,0,0.0926095816890331,2
1,11,132,1831,1,0,1,0.3177056325873566,2
1,1,87,1879,1,0,2,0.49553391179239303,1
0,4,340,1855,0,0,1,0.31246005142755295,2
1,5,177,1853,0,1,0,0.9353855377854022,2
2,8,173,1868,1,0,0,0.03629178918612641,1
1,8,202,1991,0,0,0,0.24747761106259547,1
0,7,244,2024,0,1,0,0.7973848650490908,1
2,6,311,1939,1,1,1,0.733809153827296,2
1,11,271,1931,1,1,2,0.01559509349497945,2
0,9,155,1805,1,1,2,0.5265337594447236,2
2,11,176,2015,1,1,1,0.4299687212519644,2
1,5,371,1818,0,1,0,0.8442940725898745,2
0,11,62,1871,1,0,1,0.992359852682246,1
2,4,399,1984,1,1,1,0.5182162619977227,2
0,4,58,1954,0,0,0,0.08891944205149993,0
1,6,334,1883,0,1,1,0.9281170541675137,2
0,11,216,1901,0,1,1,0.4341274911535603,2
0,11,265,1912,0,1,2,0.3862582255469673,2
2,11,106,1973,0,1,1,0.10609667646292542,2
2,6,183,1891,1,0,2,0.3484187191788961,2
2,6,154,1827,1,1,0,0.10588393189841394,2
1,6,103,1839,1,0,2,0.9904400675409184,1
0,7,225,1856,0,0,0,0.7347426621923662,1
1,12,392,2014,0,0,0,0.1293674886683437,1
2,8,210,1894,0,1,2,0.5817541563895753,2
1,5,120,1990,1,0,0,0.9098456128217473,1
2,10,97,2016,0,1,0,0.3711437536382254,1
0,4,267,1852,1,0,1,0.4273390058038733,1
0,4,82,1819,1,1,0,0.8967843757310243,0
1,3,297,1851,0,1,0,0.6367539102945168,2
0,11,207,1845,1,0,0,0.6486552628440626,1
2,1,124,2011,0,0,2,0.3963278761579585,2
0,9,78,2007,0,0,1,0.3476428249100295,1
0,8,305,1903,1,1,0,0.22563514080752345,1
1,5,236,1984,1,1,0,0.3774022430101087,1
0,4,88,2025,1,0,0,0.8156631651203935,0
0,9,134,1992,1,0,2,0.5682652953245909,1
1,6,231,1907,1,0,0,0.6396056261591089,1
1,2,322,1969,0,0,2,0.25296759813638736,2
0,10,155,1989,0,1,2,0.8387698964432609,2
2,9,220,1836,1,0,0,0.30430640841450596,1
0,9,112,1948,1,1,2,0.24344468309679668,1
0,10,392,2011,1,0,0,0.3720396791528445,0
0,12,375,2011,0,0,1,0.8819574189655766,2
0,9,396,1952,1,0,2,0.8741888360576794,1
0,3,78,1825,1,1,0,0.09248502429772931,0
1,8,206,1857,1,1,0,0.3167693364728916,1
1,11,358,2007,0,0,0,0.24350653866470617,1
2,10,255,1899,1,1,2,0.23687153877208023,2
0,2,315,1801,0,1,2,0.5878091318679489,2
1,9,382,1980,0,1,2,0.49449277328738284,2
0,9,322,1897,1,1,0,0.6937344662643634,1
2,7,397,1848,1,1,2,0.15414747242036353,2
2,7,203,1886,0,1,1,0.6570560801664246,2
1,5,60,1810,0,0,0,0.7984633446923807,1
0,9,157,1879,1,0,2,0.4180778924453722,1
1,1,261,1898,0,1,0,0.20722386282036565,2
0,7,181,1880,0,0,2,0.7932027278308081,2
0,7,339,1889,1,0,2,0.0033024469850909677,1
0,5,291,1845,1,0,1,0.0771118639890318,1
1,2,395,1982,1,1,0,0.38548641667010897,1
0,3,100,2022,1,1,2,0.001837432249721327,0
1,3,186,1826,0,1,0,0.11807484968957838,2
2,3,287,1881,0,0,2,0.753079745881928,2
1,2,53,1846,1,1,0,0.6750134575261695,1
0,2,130,1914,0,1,0,0.9598862238518163,1
0,6,359,1891,1,1,2,0.375140356337037,2
2,10,224,1801,1,0,0,0.64072119893539,2
1,5,345,1867,0,1,0,0.5390571947566917,2
2,7,337,1917,0,0,1,0.5808495053909773,2
1,3,62,1813,1,0,0,0.13295212270687573,0
1,3,162,1831,1,1,2,0.9967079924772047,2
0,7,189,1969,0,1,2,0.2072517021368122,2
2,5,190,1918,1,0,1,0.3396548596932354,2
0,2,60,1825,0,1,1,0.1993737707707538,2
0,10,233,1959,0,1,2,0.9060428982856703,2
2,4,101,1992,1,0,2,0.3927555170382776,1
2,10,345,1854,1,1,2,0.039800907346654646,2
2,1,286,1839,0,0,0,0.3438152971871137,2
2,2,100,1919,1,1,2,0.4499947025950659,2
0,10,311,1992,1,0,0,0.9396806544060539,1
2,3,346,1978,0,1,2,0.8494971623445765,2
1,4,397,1996,1,0,1,0.33702266324520036,2
1,11,294,1978,0,0,2,0.24603991860488583,2
2,12,313,1907,1,0,2,0.6746950115555994,2
2,3,251,1866,0,1,2,0.21144785624225115,2
0,5,68,1807,0,0,2,0.4132676511664791,1
0,2,62,1976,1,0,1,0.40580422658692905,0
0,11,355,1949,0,0,0,0.6356285354806471,1
1,9,227,2005,1,1,1,0.8140866874388902,2
0,7,59,1890,0,1,2,0.15046579212370437,2
1,10,240,2010,1,1,0,0.17008743056332754,1
0,5,388,1809,0,1,1,0.24416694618413337,2
2,12,310,1890,1,0,1,0.5816001316570882,2
0,1,269,1872,1,1,2,0.3689882932793058,2
0,10,400,1915,1,1,0,0.5151573677189722,1
1,7,223,1967,0,1,1,0.2196481651962584,2
2,1,90,1914,1,1,1,0.9910059630125886,2
1,12,215,1863,1,0,2,0.26851955810251327,2
2,7,107,2024,1,1,1,0.8617766973011718,2
0,2,319,2004,0,0,0,0.6858728153436323,1
2,10,318,2006,0,0,1,0.10637905898162092,2
0,6,178,1834,0,1,1,0.6131165643398082,2
0,8,310,1853,1,1,1,0.4619934891674514,2
1,1,358,1895,0,1,0,0.8753400160121223,2
1,7,336,1823,0,0,2,0.21976097978615938,2
2,10,179,1880,0,0,1,0.6591342504660345,2
0,8,72,1829,0,0,0,0.5966296567987209,1
2,1,113,1810,1,1,1,0.16299023907572652,2
2,10,132,1980,0,0,0,0.8307192699804797,2
2,9,398,1852,1,0,1,0.8935559645054808,2
2,8,186,1923,0,1,0,0.9863929790658663,2
0,4,161,2013,1,1,0,0.3986662762810226,0
0,7,185,1919,0,1,0,0.474564501617727,1
0,7,57,2008,0,1,2,0.01930446252155882,1
0,10,355,1926,0,1,2,0.6854730227353637,2
0,7,247,1846,1,1,2,0.513078965403863,2
0,10,82,1981,1,0,0,0.32873351655074523,0
0,6,367,1815,1,1,2,0.00339539614620632,2
2,8,260,2001,0,0,1,0.09258682253265849,2
0,3,379,1830,1,0,0,0.4479225657176096,0
1,3,387,1988,1,1,1,0.5534402853109898,2
0,11,230,1984,1,1,1,0.10032592526126516,2
1,10,51,1981,0,1,0,0.8680634962271925,2
1,4,399,1986,1,0,2,0.8318599690750114,2
2,1,221,1814,1,1,2,0.9305490594742668,2
0,12,71,1889,1,0,1,0.9778355632747339,1
2,9,248,1825,1,1,2,0.8410199608774723,2
2,1,315,1900,1,1,1,0.7237433876815911,2
1,4,249,1935,0,0,1,0.22996413476587907,2
0,7,108,1943,0,1,1,0.4496940313617559,2
0,7,125,1983,0,1,2,0.48305696029403666,2
2,11,330,2024,1,0,2,0.7796686438004853,2
2,1,238,1904,1,0,0,0.3667475705158997,1
0,6,231,1824,0,1,2,0.21253051544914403,2
1,7,384,1912,1,0,1,0.41823612356398543,2
2,4,126,1802,0,0,0,0.19644181294145446,2
2,2,277,1811,0,1,2,0.4403529196231948,2
2,6,253,1952,1,1,0,0.2015841816487589,2
2,8,256,1933,1,1,0,0.4028268888001161,2
1,7,111,2005,1,0,2,0.7542361378840433,1
2,8,117,1813,0,1,1,0.3928886522040147,2
1,3,243,1807,0,1,1,0.655437611297725,2
0,2,364,1890,0,0,1,0.4592003407287336,2
1,9,151,1866,1,0,1,0.12838572850253538,2
1,5,96,1857,0,1,0,0.7921993146499426,2
1,5,241,1899,1,0,2,0.6162022098221445,2
2,12,335,1865,1,1,1,0.2692846687199534,2
1,8,382,1940,1,0,0,0.8893509243943702,1
2,5,314,1932,0,1,0,0.4923967834213663,2
1,5,67,2020,0,0,2,0.9679539852724983,1
0,2,283,1932,1,0,1,0.10808113303889555,1
2,8,321,1884,1,1,2,0.08253046837602818,2
0,5,289,1816,1,0,0,0.3409957799207287,0
1,6,259,1955,1,1,0,0.2634683308691933,1
2,6,325,1947,0,1,1,0.8764164562798391,2
2,11,295,1953,0,0,0,0.3236794947662486,2
0,10,189,1831,1,0,2,0.34349895858528123,1
2,5,276,1812,1,1,1,0.3807857670673942,2
1,1,77,1811,0,1,1,0.3500109189188698,2
2,3,227,1816,1,1,2,0.34846847780768675,2
2,4,275,1961,1,1,1,0.643315748982362,2
1,9,357,1858,0,1,0,0.3294924414317917,2
1,6,355,1987,1,1,1,0.5066717728177986,2
1,10,376,1902,0,0,2,0.6261036453663487,2
0,12,111,1969,0,1,2,0.08663258006541785,2
1,9,385,1875,0,1,1,0.21515625731626353,2
1,1,322,1982,0,0,0,0.2551895221024263,1
2,11,65,1837,0,1,1,0.6704045850855177,2
0,9,257,2023,0,0,1,0.16253766656094348,1
2,12,287,1821,1,1,0,0.31256125999209095,2
0,10,53,1939,1,1,0,0.4007041007942307,0
0,4,158,1867,0,0,0,0.9764531868923356,1
2,3,304,2008,1,0,0,0.5385133753154067,1
0,6,119,1937,1,1,0,0.05885638461793419,0
1,10,181,1821,0,0,2,0.3751482119560754,2
2,3,348,1975,1,1,0,0.42552000359963504,2
0,9,93,1927,0,1,1,0.24790911381306158,2
2,3,161,2018,1,1,0,0.020890151494972087,1
0,1,203,1846,0,1,1,0.3662744702475249,2
1,2,368,1928,0,0,0,0.4935425581917251,1
2,1,173,1993,0,0,2,0.6929784241369673,2
0,12,117,1956,1,1,0,0.03454011515404398,0
0,1,242,1931,0,1,0,0.5370386114456703,1
2,1,93,1986,1,1,1,0.026770431880983492,2
2,12,378,1841,1,1,1,0.503617992703547,2
2,12,299,1936,1,1,0,0.5591943156937149,2
1,6,53,1892,0,0,1,0.07056983902195357,2
0,12,328,2011,0,0,2,0.6598711102537356,1
2,10,70,1877,1,1,0,0.3491206217058894,1
1,2,86,1802,0,1,2,0.08656904566844148,2
2,5,223,1813,1,1,0,0.2594455926609568,2
0,4,331,1986,0,0,0,0.47202855401297517,1
1,6,309,1958,0,1,1,0.5699038591706584,2
0,1,197,2011,1,1,2,0.6577335894353346,1
2,3,121,1920,0,1,2,0.859199139968691,2
0,8,100,1928,0,0,2,0.5444092964758164,2
1,5,91,1872,1,1,2,0.4041123785377221,1
0,2,346,1975,0,1,0,0.6028981636791378,1
1,6,110,1981,1,0,1,0.8978491559080231,1
1,1,386,1831,1,1,1,0.4047531157936992,2
1,11,370,2019,0,1,2,0.19989399568628274,2
1,10,322,2021,1,0,2,0.39787960645357545,1
1,11,182,1876,1,0,2,0.8168660034394722,2
2,5,230,2009,1,1,0,0.8194891861535534,2
1,6,216,1884,0,1,2,0.5844582157577454,2
1,4,280,1994,0,1,1,0.6787592826076063,2
2,4,157,1989,1,0,1,0.18312706141273138,2
2,1,311,1993,1,0,0,0.7197613966436693,2
2,7,360,1856,1,0,0,0.3647234246174411,1
2,10,356,2015,1,1,0,0.567406353529471,1
1,10,325,1843,1,1,1,0.6958720956353941,2
1,8,314,2018,1,1,1,0.4947360999753153,2
0,8,105,1904,0,0,0,0.36724839399749465,1
2,1,244,1827,1,1,0,0.04863847664879628,2
2,7,132,1968,0,1,2,0.7738354978208751,2
0,3,74,1881,1,1,0,0.44738684745424473,0
1,11,57,1903,0,0,0,0.34988209313511764,1
1,6,93,2006,0,1,2,0.6716541963202165,2
1,6,135,1871,1,0,1,0.23202215206332444,2
1,11,99,2018,1,1,2,0.18990679938968902,1
0,7,316,1821,1,0,1,0.42290942051674785,1
2,2,56,1835,1,0,1,0.46870286922363835,1
2,5,233,1907,1,0,1,0.06702161254401273,2
0,8,228,1987,1,0,0,0.40549747421156235,0
0,1,177,1962,0,0,1,0.3241156921269096,2
0,9,145,1984,1,1,1,0.8928716995402787,2
0,1,53,1829,1,0,0,0.6020451745699901,0
2,10,145,1865,1,1,1,0.9498823394221935,2
2,4,356,1860,1,1,1,0.15228251192760967,2
2,10,113,1948,0,0,0,0.008421824393250454,2
1,4,215,2001,1,0,0,0.40666482744176646,1
1,6,329,1917,1,0,0,0.7034932090692217,1
2,4,176,1966,1,1,2,0.09020701565973188,2
0,10,229,1938,1,1,2,0.6290922565346594,2
0,1,291,1873,0,1,1,0.6426188877747071,2
1,12,290,1898,0,0,1,0.8110458239752267,2
0,11,217,2019,0,0,2,0.5165368456390003,1
1,1,332,1964,1,0,2,0.6104946168336551,2
1,12,55,2013,0,1,2,0.6760027871332029,2
2,3,376,2013,0,1,2,0.2212939421043415,2
1,4,230,1990,0,0,0,0.42000215106871475,1
2,6,78,1822,1,0,0,0.6118188582249728,1
2,5,288,1987,0,0,2,0.24562761141002898,2
0,6,96,1881,1,0,2,0.3820889591901725,0
2,10,352,1892,0,0,0,0.18195107311614167,2
2,2,223,1923,0,1,0,0.14781980892261581,2
1,5,66,1945,0,1,0,0.5664954030407352,2
0,9,304,1844,0,1,2,0.7590749015212013,2
2,4,338,1858,1,1,1,0.4329122776224493,2
1,7,103,1874,0,1,1,0.622011581306955,2
1,6,92,1827,0,1,2,0.978932538679625,2
1,8,95,2007,1,0,1,0.38880025862016465,1
1,12,272,1980,1,0,1,0.8426654233801428,2
1,12,205,1838,1,1,2,0.7167671868537427,2
2,9,252,1897,0,1,1,0.6019405891404619,2
0,7,353,1847,0,0,2,0.29420284504171146,1
2,1,332,1940,1,0,0,0.4074332166447684,1
0,8,61,1888,1,1,2,0.5371498014656345,1
1,5,337,1804,1,0,1,0.46650987898904017,2
2,3,73,1853,1,0,1,0.4946257689026248,2
0,9,394,1834,1,0,1,0.7072749896104339,2
1,12,237,2026,0,0,2,0.41328175072003726,1
0,11,232,1872,0,0,2,0.20540309742491358,1
0,6,226,2023,1,0,0,0.7668145408999391,0
2,6,313,1890,1,1,2,0.5699399212333971,2
0,12,55,1890,0,1,0,0.27722160818007824,1
1,7,144,1824,0,1,0,0.886784032644426,2
0,8,223,2022,1,1,1,0.3210031088018731,1
0,3,203,1988,1,0,0,0.05616636721648671,0
1,8,311,1899,0,1,2,0.7252546407585476,2
1,10,92,1890,1,1,2,0.49152427833588475,1
2,2,56,1835,0,0,0,0.7814495702325599,2
2,1,113,1857,0,0,1,0.20142985487519882,2
1,9,98,1976,0,0,2,0.6842321417226127,2
1,5,189,1802,1,1,0,0.330938887712643,1
2,3,191,1919,1,1,2,0.9839444819623452,2
2,9,394,1948,0,1,0,0.7742996422276184,2
1,2,360,1874,0,0,1,0.44740930513186505,2
0,10,69,2016,1,0,1,0.36457039261071356,0
0,8,348,1892,0,0,2,0.411730853183476,1
0,10,79,1944,1,0,0,0.9006061955119795,0
1,5,296,1958,1,1,1,0.837876962485668,2
2,12,307,1801,1,0,2,0.2627488353619366,2
1,12,120,1805,0,0,1,0.26785179940892456,2
2,5,110,1810,0,0,0,0.061087082374022605,2
2,12,67,1973,0,0,2,0.25624771766037024,2
1,3,71,1996,0,1,1,0.5435181072112839,2
0,2,129,1832,1,1,0,0.4080142671271306,1
1,1,155,1947,1,0,0,0.38019843257467933,1
2,10,208,1911,1,0,2,0.2625426206185678,2
0,11,240,2002,0,0,0,0.8441540198848675,1
0,1,311,1849,0,1,0,0.8557455296842174,1
2,12,297,1909,0,0,1,0.15308534064866164,2
2,10,71,1834,0,0,0,0.41576276847968807,2
0,2,112,1956,0,1,2,0.4716792903464633,2
0,1,264,1921,1,1,1,0.7475451801555758,2
0,10,219,2003,1,1,0,0.9378666747651612,1
0,5,160,1857,0,0,2,0.2534281994212271,1
2,8,239,1991,1,0,1,0.7190258984215903,2
0,9,116,1982,1,0,1,0.8761518565444446,1
0,1,359,2011,1,0,2,0.5146326379541811,1
1,1,362,1979,0,1,0,0.5199429823407552,2
1,9,284,1937,1,1,0,0.18127474418787415,1
1,2,116,1943,0,1,2,0.9029488718764899,2
2,4,354,1929,1,1,0,0.08710355143155502,2
1,7,199,1899,1,0,1,0.6629382642759817,2
2,5,187,1802,1,0,0,0.7788417789028967,1
2,8,325,1934,1,0,0,0.028911505454825015,1
2,9,301,1954,1,1,1,0.4054022111938341,2
1,9,342,1867,1,0,1,0.6296560263066979,2
2,11,119,1884,0,1,0,0.9505021337289149,2
0,6,329,1873,1,1,0,0.8706692514128971,1
1,1,139,1867,0,1,1,0.5860000303559272,2
2,6,205,1860,1,1,2,0.7330492706773849,2
2,8,293,2001,1,0,0,0.6913483474345707,2
1,10,270,1981,1,1,0,0.30653285125445373,1
1,3,376,1988,1,0,1,0.9812458064217023,2
2,10,247,1815,1,1,2,0.088516271193955,2
0,8,188,1849,1,0,2,0.011486050949215287,1
1,8,212,1855,0,0,1,0.8800694014206938,2
2,3,75,1943,0,1,0,0.849955931945418,2
2,7,328,1825,0,1,2,0.3902077926631392,2
2,6,222,1964,0,1,0,0.879846485611136,2
0,12,310,1979,0,0,2,0.9144125697857449,2
2,9,50,1844,0,1,2,0.7091678786445179,2
1,4,202,1969,0,0,0,0.6107567621834087,1
2,4,221,1810,1,1,1,0.05862966314273843,2
0,6,263,1914,1,1,2,0.9197064910993554,2
1,6,319,1843,1,0,2,0.3946876752118733,2
1,11,91,2010,0,0,0,0.703213509051806,1
1,7,311,1826,0,0,1,0.5149167932708367,2
2,12,57,1960,0,0,0,0.7372444253774416,2
0,1,148,1949,0,1,1,0.97019223726958,2
0,11,222,2023,1,1,2,0.6019902173635444,1
2,11,236,1944,0,1,1,0.893374010264189,2
1,11,390,1840,1,0,2,0.9674656498571167,2
2,3,257,1810,0,0,1,0.2766072008617838,2
1,2,125,1810,0,1,1,0.8095402660289351,2
2,5,331,1981,1,0,1,0.12145893346052616,2
0,5,52,1906,0,1,0,0.21037951263360732,1
1,5,371,1873,1,0,1,0.7542248758015567,2
1,3,190,2015,1,0,1,0.7151311289008228,1
2,3,292,1876,0,0,0,0.2958600135225937,2
1,12,385,1992,0,0,0,0.8006776169412635,1
0,12,83,1919,1,0,1,0.7427963916153875,1
0,2,302,1898,1,0,1,0.6686877598198407,2
0,10,202,1898,1,0,2,0.4648145610223162,1
1,10,297,1891,0,0,2,0.3508892558754534,2
1,11,264,1838,1,1,0,0.6831337188734204,2
2,4,234,1903,1,1,1,0.7649315652713713,2
1,6,52,1814,1,1,0,0.06809956948112361,0
0,3,359,1861,0,0,2,0.48888227647590365,1
1,1,397,1939,1,1,1,0.7071530328323121,2
2,2,122,1982,0,1,0,0.2891158973326753,2
0,5,207,1800,0,0,2,0.42108523569238643,1
2,10,150,1920,0,0,1,0.5513765862835274,2
0,2,337,2018,1,1,1,0.35600903993127353,1
0,3,280,2018,0,1,2,0.26192980295791923,1
2,7,300,1832,0,0,2,0.21915867847321024,2
0,12,119,2013,1,0,1,0.5935983502669177,1
1,11,111,1892,1,1,1,0.6925448163583963,2
0,6,271,2002,1,0,1,0.7275744781764587,2
2,2,315,1912,0,0,2,0.49269411896215376,2
0,5,381,1859,1,0,2,0.6702773717892131,1
2,7,67,1999,1,0,0,0.548243926277434,1
2,4,57,1947,1,1,0,0.6906832401230228,1
1,4,397,1811,0,0,0,0.07921270452095386,1
2,5,370,2020,1,1,1,0.7247197112494024,2
1,11,138,1985,0,0,1,0.35953109010664974,2
2,9,115,2017,0,1,1,0.06287277789521595,2
2,2,352,1863,0,1,0,0.4047797349089316,2
0,2,160,1963,1,1,2,0.07605497637893388,1
2,3,268,1820,1,0,1,0.13685342944563628,2
2,1,382,1979,0,0,1,0.34558223381479913,2
0,3,164,1987,0,1,1,0.9939906933706132,2
0,6,385,1945,1,1,2,0.6169386038734013,2
0,3,111,1813,1,0,0,0.38943978883006103,0
2,6,397,1966,0,0,1,0.13300824548131696,2
0,11,108,1851,1,1,0,0.5423019435032947,0
1,5,275,1900,1,0,0,0.05474328423573427,1
2,1,307,1951,1,0,0,0.09680733603504132,1
1,7,157,1940,0,0,1,0.7066884699938462,2
0,1,199,1803,1,1,1,0.16105991802765118,2
1,1,59,1903,0,1,2,0.989669638725534,2
0,8,146,1955,1,0,1,0.7815243205744965,1
0,12,90,1916,1,1,2,0.21050937302590889,1
1,12,55,2012,1,0,2,0.9446800819471176,1
2,5,263,1824,1,1,0,0.5462477237184193,2
0,2,301,1862,0,1,2,0.4741260088419811,2
0,8,325,1809,0,0,2,0.32072238760939886,1
0,11,364,1856,1,1,1,0.5991286754471621,2
0,1,178,1901,0,1,2,0.6772634788770993,2
1,4,87,1973,0,1,2,0.5246246636215951,2
0,7,337,1893,0,1,2,0.4322633421391163,2
1,5,297,2015,1,1,2,0.09991783128708398,1
1,6,216,2012,0,0,1,0.055547842822339044,2
2,11,370,1869,0,1,0,0.6838064307122956,2
0,12,266,2016,1,0,2,0.3186368182151842,0
0,2,80,1804,0,0,1,0.9442563640259103,2
1,10,272,1870,0,0,2,0.0872693866701042,2
0,3,203,1999,0,1,2,0.6709901527250055,2
2,5,93,1807,1,0,2,0.6271891577886003,2
2,9,123,1806,1,1,0,0.9382714446470316,2
0,3,55,1937,0,0,0,0.28816184750365703,0
0,4,304,1933,1,1,0,0.4981309809163019,1
2,9,237,1808,0,1,1,0.4914999461750551,2
0,12,167,1939,1,1,1,0.7893429732839873,2
2,3,324,1907,0,0,1,0.11814324634120521,2
2,4,70,1971,0,0,0,0.14468958313290348,2
1,10,198,1849,0,0,2,0.4092680886213156,2
0,6,384,1848,0,0,1,0.48555092182725923,2
0,11,120,1878,1,0,0,0.3159313973512695,0
0,10,221,1878,1,1,0,0.5361402184200087,1
2,3,227,1843,1,1,2,0.9289795047427425,2
2,4,298,2000,0,1,1,0.9678976070515788,2
1,4,267,1960,0,1,2,0.6743894476358815,2
2,8,390,1960,1,1,0,0.9876273110158268,2
0,4,254,1820,0,0,1,0.2588912023489873,2
2,7,364,1913,1,0,0,0.6058262805752445,2
0,2,274,1915,0,1,2,0.04530780453580241,2
2,12,319,2001,0,1,2,0.6694938223651188,2
2,6,370,1882,1,0,0,0.6323338688729556,2
2,1,253,1839,1,0,1,0.6902484433728988,2
0,12,379,1838,0,1,1,0.6343831313923832,2
1,4,71,1868,1,1,2,0.4946089377208205,1
0,5,200,1845,1,1,0,0.33073794563576664,0
1,5,367,1858,1,0,1,0.495914703630461,2
1,8,209,1851,1,0,0,0.5193865944870016,1
2,9,246,1827,0,0,1,0.8792479534554115,2
1,3,291,1921,0,0,1,0.13067242503277676,2
1,2,261,1805,0,0,2,0.8986923230452744,2
1,3,155,1959,0,0,2,0.07032428659027778,2
2,7,85,1976,0,0,2,0.6070801284581337,2
2,8,241,1835,1,1,2,0.6143365854218311,2
0,11,216,2016,1,0,2,0.8101719039794278,1
2,11,230,1846,0,0,2,0.7774556213057872,2
2,2,193,1936,1,1,2,0.31139348141131873,2
1,9,93,1953,1,1,1,0.13274716920522267,2
1,4,55,1877,0,1,1,0.44096322222696427,2
0,5,277,1992,1,1,2,0.21278898746808061,2
2,10,243,1955,1,1,1,0.23129888716934588,2
1,6,328,1900,0,0,0,0.7041559456404416,1
2,7,227,1906,0,1,0,0.34543604302042585,2
1,11,107,2005,1,0,2,0.805480824670599,1
1,7,170,1928,1,1,0,0.24732132321386058,1
2,9,116,1913,0,1,0,0.6630562758397592,2
2,12,272,1873,0,1,1,0.32319741304157945,2
2,11,230,1974,1,1,0,0.1664225248611656,2
2,8,258,1872,0,1,0,0.7783982747943295,2
0,8,399,1862,0,1,0,0.759661357688035,1
0,8,392,2024,0,0,1,0.15243988979190726,1
1,12,306,1971,0,1,2,0.4719825670806018,2
0,10,274,2020,1,1,0,0.9926681254523817,0
2,7,182,2011,1,1,2,0.12839178867576462,2
0,1,95,1969,0,1,1,0.13181279368370813,2
2,7,121,1895,1,1,0,0.3889696903795108,2
2,11,116,1962,0,0,1,0.337486321338449,2
0,8,290,1975,1,0,1,0.49407541416917633,1
2,3,366,1854,1,0,2,0.499270191498002,2
0,12,59,2026,1,1,1,0.7734258379737192,0
0,12,328,1918,1,0,0,0.5036642596027247,1
2,6,100,1890,0,1,2,0.7699633088162326,2
0,8,86,2015,0,0,1,0.1826541572910959,1
2,1,263,1894,1,1,0,0.20115414539962306,2
1,11,273,1868,1,1,2,0.3798131034950556,2
1,5,143,1863,1,0,0,0.6687021453195738,1
2,9,59,1999,1,1,2,0.7076924017779136,2
1,2,247,1805,0,1,1,0.9200956906713352,2
0,1,219,2010,0,1,2,0.6981081572749448,2
2,1,62,1860,0,1,2,0.3975347089554111,2
1,12,337,2021,0,0,0,0.04617343517646555,0
0,5,352,1871,0,1,0,0.6037520628976885,1
1,5,326,1945,1,0,0,0.44317688870113214,1
1,6,266,1862,1,1,2,0.06525961327897278,2
2,12,95,1960,0,1,0,0.9370146637623771,2
1,2,197,2001,1,0,0,0.5983256417542298,1
2,2,232,1822,0,1,0,0.18447038390046988,2
1,1,373,1957,0,0,0,0.7665376529449487,1
2,4,263,1990,1,1,1,0.9361875988753128,2
1,10,110,2020,0,1,1,0.34854209390373325,2
1,6,328,1913,1,1,1,0.191972589711203,2
0,6,190,1969,0,1,2,0.09459730130775568,2
2,11,87,1946,1,1,2,0.45408516933458476,2
2,11,293,1826,0,0,0,0.8254569322815523,2
2,4,93,1887,0,1,1,0.3255196754552028,2
0,12,332,1871,0,1,1,0.2953730824652524,2
0,11,183,1820,1,1,2,0.9602430714559288,2
1,4,288,1954,0,0,1,0.47328110814337354,2
0,9,106,1802,0,1,1,0.3883570437896591,2
0,11,272,1944,1,1,1,0.975765989696683,2
1,7,229,1841,0,0,1,0.9224453988018616,2
2,5,294,1962,1,1,0,0.5093669771628877,2
2,11,237,1974,1,0,0,0.8724562177238949,2
1,5,392,2016,1,0,0,0.020035586331041966,0
0,8,50,1969,0,1,0,0.20182570962970547,1
1,5,138,1912,1,1,2,0.18391066210109241,2
0,8,163,1846,0,1,1,0.5813258307423335,2
2,7,386,1918,0,1,2,0.638992273394225,2
0,9,176,1923,0,1,2,0.9754475974358698,2
1,2,284,1879,0,0,2,0.73245904322271,2
2,3,175,2019,1,1,0,0.07909405178793827,1
0,8,299,1978,0,1,2,0.15779103702434338,2
0,7,160,1891,0,1,1,0.7617013284815266,2
1,11,118,1863,0,0,0,0.490482976455905,1
0,11,51,1972,0,0,1,0.3660249117044385,1
0,4,359,1955,0,0,0,0.619673035720865,1
1,4,391,1913,0,0,1,0.32220513861384326,2
2,8,215,1835,1,1,1,0.7166735952657585,2
2,7,360,1912,0,0,1,0.4232037410506376,2
2,4,272,1861,1,0,1,0.7029518460567256,2
0,6,389,1965,0,1,1,0.6757848948041105,2
0,4,91,1953,0,0,2,0.7045446163365797,2
0,9,208,1995,0,0,2,0.19432528147539874,1
1,12,361,1964,0,0,0,0.42141367390402906,1
1,9,229,1966,0,0,0,0.45753329942889975,1
1,11,102,2004,1,1,1,0.4817674724965463,2
0,5,108,2005,1,0,1,0.5100261772135031,1
0,8,372,1874,0,1,1,0.1073510562868264,2
0,8,274,1877,0,0,1,0.25572382800073323,2
0,1,307,1961,0,1,0,0.9859622069083706,1
0,6,227,1911,1,1,2,0.9134103013471648,2
0,1,250,2020,0,0,0,0.021430698479203758,0
0,8,194,1934,0,0,1,0.5962605974390549,2
0,8,334,1887,1,1,1,0.5752662351171195,2
2,12,212,1885,1,1,0,0.5898387500523715,2
0,8,78,1935,0,1,0,0.5107614719248281,1
0,3,302,1980,0,0,1,0.24720865759150257,2
1,2,92,1848,0,1,2,0.9554906752447277,2
1,6,393,1861,1,1,1,0.5580634820699901,2
2,9,215,1846,1,0,0,0.2575684871660274,1
1,4,330,1998,0,0,0,0.95565043108705,1
2,8,276,1972,1,0,1,0.248604750947516,2
0,2,293,1916,0,1,2,0.8830462964533093,2
2,2,205,1911,1,1,1,0.17372559016740874,2
2,4,143,1827,0,1,0,0.31546536700612293,2
1,3,174,1894,0,0,0,0.8439635671523886,1
2,9,56,1879,1,0,0,0.24405155263405764,0
0,12,337,1869,1,0,0,0.9245503952603014,1
2,5,376,1979,1,0,2,0.28714486999308064,2
2,11,51,1958,1,0,0,0.9995449551677995,1
2,9,81,1900,0,0,0,0.8052192215791467,2
1,2,53,1828,0,1,0,0.19732136009178836,1
2,2,356,1821,1,1,0,0.42207506146917473,2
0,9,391,1909,1,0,0,0.9000142876612163,1
1,10,310,1939,0,0,0,0.5579502664324938,1
2,4,297,1896,1,0,0,0.7972409855930624,2
1,2,78,1817,1,0,0,0.2945160198069888,0
1,3,217,1935,1,0,2,0.13345902653144937,2
0,8,371,1946,1,1,1,0.33144356806948827,2
2,11,180,1901,0,1,2,0.9198572988491913,2
2,2,396,1892,1,1,2,0.7638206490202146,2
2,11,243,1826,1,1,0,0.5551408028241894,2
1,2,305,1998,1,0,1,0.8587081395200714,2
2,1,379,1879,0,1,0,0.7291003400816691,2
2,4,115,1902,0,1,2,0.8974912699515584,2
0,11,197,1860,0,1,1,0.47311081472677285,2
0,5,344,1956,1,0,2,0.5518495626425172,1
2,2,76,2000,1,1,2,0.6306700727791869,2
0,9,173,1923,1,1,0,0.365368873146093,1
0,5,395,2016,1,0,1,0.2690688301680273,1
0,4,234,1889,0,1,2,0.8863003556818069,2
0,12,83,2010,1,0,2,0.2959813782023041,0
2,2,311,1933,0,1,2,0.5318301791662949,2
0,1,197,2020,1,1,1,0.09329175127126466,1
0,7,244,1803,1,0,2,0.39339746291641586,1
1,9,176,1843,0,1,1,0.7397896642381553,2
0,5,296,1919,0,0,1,0.296127215429589,2
2,3,128,1981,1,0,2,0.10999018441318176,2
2,4,191,1869,0,0,2,0.5002911026252613,2
1,1,86,1854,1,0,1,0.7736580157505095,1
0,10,61,2015,1,1,1,0.08997216431685473,0
0,12,118,1916,0,1,2,0.43782506239593644,2
1,12,346,1891,1,0,0,0.21071897274786622,1
2,2,359,1902,0,0,1,0.3427033818003088,2
0,12,376,1880,1,1,1,0.8436588469098293,2
0,10,73,1973,1,0,0,0.4606479580031604,0
1,11,256,1974,1,1,2,0.858068783889487,2
2,1,87,1819,1,0,1,0.44864559974733664,2
2,2,75,2006,0,1,0,0.6142356486544251,2
2,5,163,1975,0,1,1,0.10232375374152025,2
0,8,194,1969,0,1,1,0.5828104128140864,2
0,10,161,1875,0,0,1,0.7341151274780616,2
1,12,371,1973,0,1,0,0.7440587764801586,2
2,3,249,2018,1,0,1,0.7548055105171976,2
0,4,364,1862,1,1,0,0.09515050857625973,1
1,2,258,1984,0,0,1,0.6686140367434203,2
1,7,133,1981,1,0,0,0.15807418780365723,1
2,7,210,1945,0,1,0,0.09731931953153539,2
1,9,210,1920,0,1,1,0.011051513777010302,2
0,9,170,1993,1,1,1,0.8689038281752326,2
1,4,313,1890,0,0,2,0.48748673343586446,2
0,6,185,1827,0,1,2,0.8825691717247073,2
2,10,363,1915,0,0,0,0.5148424260870244,2
0,6,109,1874,0,1,2,0.893393686237316,2
1,1,192,1919,0,0,2,0.47522970247500385,2
1,2,139,1919,0,1,0,0.2697027687741421,2
2,7,160,2005,0,1,1,0.3742129539748239,2
1,9,177,1811,1,0,1,0.07767725974917272,2
2,10,68,1884,1,1,2,0.5744541279193831,2
2,5,226,2006,0,0,0,0.0796955695791477,1
0,6,179,1814,1,1,1,0.2960555018762805,2
1,4,333,2002,0,1,0,0.6403044129123215,2
2,12,323,1990,0,0,0,0.13799897637160652,2
0,2,241,1801,0,1,0,0.9825868049743604,1
2,2,292,1980,0,0,1,0.6014307598867752,2
2,3,166,1974,1,0,2,0.883182729899031,2
0,12,217,2001,0,1,0,0.13551408877950688,1
0,4,174,1865,1,1,0,0.7113896685775903,1
0,9,218,1868,0,0,2,0.5662419198305861,2
2,7,320,2024,1,0,0,0.825720019123092,1
2,7,380,1869,0,0,2,0.3699552898338251,2
2,5,261,1972,0,1,2,0.8753949319069637,2
1,11,394,1847,0,1,0,0.8202429502133506,2
1,6,270,2023,1,0,0,0.9870134020317572,0
0,12,279,1876,0,1,2,0.1565259863838312,2
2,6,80,1857,0,1,1,0.02952847161384209,2
1,4,155,1831,1,0,1,0.17298677510227178,2
1,12,291,2021,1,0,0,0.8421529584493633,0
0,11,385,1974,1,1,1,0.15151152859955574,2
1,6,307,1802,0,1,2,0.4787474032905882,2
1,3,353,1978,0,1,1,0.06761645854020892,2
0,6,118,1870,1,1,2,0.37600350762719015,1
0,11,372,1906,1,0,1,0.8021037623608738,2
2,2,387,1899,0,0,1,0.6010717318810501,2
1,6,149,1972,1,0,0,0.27638445349167107,1
1,12,241,1830,0,1,0,0.5804619049733356,2
1,10,223,1849,0,0,0,0.00671168832149982,1
0,7,378,1980,1,0,1,0.8082119749800575,2
1,7,274,1908,0,0,0,0.24177521238837663,1
2,2,288,1947,0,0,2,0.9670698700634502,2
1,1,382,1844,0,0,1,0.6626275526068961,2
2,4,335,1802,1,1,2,0.5031366663237647,2
2,1,160,1838,0,0,1,0.2535289537616999,2
0,3,194,1804,0,0,1,0.30625394050824317,2
0,1,323,1879,0,0,0,0.9097130128763428,1
2,5,400,1848,1,0,0,0.23424778247425881,1
1,5,266,1852,1,1,0,0.5581190587564993,2
1,7,310,1930,0,0,1,0.18734476063911076,2
1,8,315,1836,0,0,2,0.8491368031648272,2
1,9,231,1907,0,1,1,0.3392172481002753,2
1,12,355,1952,0,0,1,0.9808411050565422,2
1,12,301,1956,0,1,2,0.20031514555037522,2
2,2,67,1869,1,1,2,0.3194787969048316,2
1,5,354,1816,0,0,2,0.7715143211613885,2
0,9,261,1891,0,0,0,0.10010347885843252,1
1,1,183,1879,0,0,2,0.8504025702341159,2
0,12,239,1822,1,0,0,0.29415923371289343,0
2,9,139,1820,0,0,0,0.8116836131724247,2
2,10,342,1818,1,0,2,0.5856998897612106,2
1,1,107,1838,0,0,2,0.7026840396099965,2
1,11,93,1864,0,0,0,0.8960047547377741,1
1,9,115,1842,1,0,0,0.3762069711440249,0
2,11,288,1923,0,1,1,0.09332012622187602,2
2,1,349,1826,1,1,0,0.9304983912697775,2
2,4,181,1846,1,1,2,0.043502210728157964,2
2,5,196,1858,0,0,0,0.4461658237264343,2
1,3,220,2021,0,0,2,0.8630639040543029,1
2,12,172,1924,0,1,0,0.5894875295762749,2
1,6,351,2020,1,1,2,0.04080198075505892,1
0,11,154,1931,1,1,2,0.5708162849701949,2
0,4,335,1905,1,0,0,0.1998217642605591,0
1,10,257,1980,1,0,1,0.6291638236355741,2
0,3,347,1812,0,0,1,0.5092844930550446,2
2,7,217,2014,1,0,2,0.7279820855461666,2
0,10,110,2019,1,0,2,0.36875237936335536,0
0,10,167,1856,1,1,2,0.5328364912255995,2
1,8,248,1888,1,0,1,0.149491181336337,2
2,12,214,2012,1,1,2,0.9899928693669278,2
0,9,117,1822,0,0,1,0.7770544323789457,2
2,9,279,1899,1,1,1,0.5588281638064764,2
1,4,234,1915,1,1,1,0.36511997991530165,2
1,12,342,1949,0,1,2,0.5704285619391644,2
2,6,171,1849,0,1,2,0.7289615116836026,2
1,11,219,1902,0,0,1,0.4445839263739354,2
1,8,201,1945,1,0,1,0.5258568145617182,2
2,6,242,1976,1,1,2,0.8019786514186822,2
1,7,130,1862,1,1,2,0.20272347395752244,2
0,11,364,2013,0,1,2,0.8459994132935732,2
2,5,123,1855,0,1,1,0.2641349604422122,2
2,8,298,1871,1,0,1,0.04183030018669276,2
2,10,320,1885,1,1,1,0.2087573856651761,2
2,7,377,1829,0,0,1,0.5882943947053432,2
1,11,387,1996,0,1,0,0.5571439015760422,2
2,12,161,1870,1,1,1,0.9173645720875082,2
0,1,222,1927,1,0,0,0.978444224405011,1
1,3,158,1813,1,1,2,0.22919721025595785,2
1,4,315,1946,1,0,2,0.950337901105713,2
0,9,352,1810,0,0,2,0.5598328006921287,2
1,1,245,1836,1,1,1,0.1330550289011625,2
2,3,284,1856,0,1,2,0.36397354180744934,2
2,3,98,1986,1,1,2,0.5259562414253001,2
2,8,113,1975,0,1,2,0.3894857660222264,2
1,11,301,1960,1,1,1,0.4053052154492621,2
2,5,180,1879,0,0,2,0.8466387064298464,2
1,7,108,1891,1,1,1,0.41773742441406103,2
1,7,77,1820,1,1,2,0.4856992698251683,1
1,5,257,1982,0,1,0,0.33400977984635305,2
1,1,344,1951,1,1,2,0.505421465363689,2
1,9,210,1807,0,1,0,0.8671754888938613,2
0,8,129,1839,1,1,0,0.11821977816890361,1
2,1,198,1964,1,0,1,0.9648002509273337,2
2,2,382,1955,1,0,1,0.898898263166207,2
2,2,185,1802,0,0,1,0.28828920480752873,2
2,10,373,2022,1,1,0,0.4823252970054499,1
1,2,227,1852,1,0,2,0.17590294117409688,2
1,4,239,2006,1,0,2,0.23260372857291345,1
1,11,341,1907,0,1,0,0.34268155120656474,2
2,1,146,1848,1,0,0,0.7059632401898179,1
0,2,186,1872,0,0,2,0.876051986296212,2
0,1,118,1883,1,1,1,0.7911650012566301,1
0,1,234,1917,1,1,2,0.9794102159395334,2
0,9,242,1946,0,0,1,0.5766797817278994,2
2,12,105,1916,0,1,2,0.2185209095775289,2
0,3,196,1984,1,0,1,0.5113482731757204,1
2,5,274,1950,1,1,1,0.4536441175104481,2
0,5,114,1974,1,1,0,0.16092726625232945,0
1,12,242,1883,1,1,0,0.03808198038652422,1
0,9,50,1922,1,0,0,0.28582540797282785,0
0,7,79,1978,1,0,2,0.07693428097572053,0
0,11,79,1991,1,1,1,0.8036575024791678,1
2,3,85,2024,1,0,2,0.23415913477787997,1
2,4,375,2005,0,0,1,0.09882486813954527,2
2,5,73,1977,0,0,1,0.9492647953404552,2
2,12,246,1851,0,0,2,0.48937132587681365,2
0,5,63,1933,0,1,1,0.31610278677929626,2
2,10,252,1928,1,0,1,0.3223287157090513,2
0,6,228,1961,1,1,0,0.022121947369252104,1
0,7,234,1882,1,0,2,0.07097841353366774,1
0,9,59,1912,1,0,2,0.5785622533060466,0
2,6,292,1870,1,1,1,0.033792661355916964,2
2,1,300,1859,1,1,2,0.2589960986640787,2
2,8,383,1918,0,1,2,0.3946847558505471,2
0,2,82,1999,1,0,1,0.9531555007581458,1
0,8,122,2000,1,0,0,0.9340993855211284,0
2,6,354,1805,0,0,2,0.23633816451261325,2
1,8,101,1823,0,0,1,0.271629293688603,2
0,4,167,1929,1,1,1,0.343439630831481,2
1,4,324,1940,1,0,0,0.4738923157540914,1
0,4,308,1959,1,0,2,0.041241606104584716,1
0,1,398,1806,1,1,2,0.9822949701721055,2
0,8,102,1810,0,0,2,0.03189274046782731,1
2,9,205,1904,0,0,2,0.48193111001893707,2
0,3,159,2019,1,1,1,0.6384767077614801,1
0,5,134,1991,1,0,2,0.9263733482378148,1
0,8,77,1807,1,0,1,0.1226302793810009,1
1,10,204,1977,1,0,2,0.8133616984023587,2
2,3,147,1813,0,1,2,0.4257439487274457,2
1,6,175,1817,1,0,1,0.5422198459812735,2
0,3,54,1991,1,0,2,0.39299174112959545,0
2,5,328,1913,0,1,1,0.5868451102968643,2
2,7,175,1969,0,1,0,0.9659436083258395,2
0,4,207,1958,1,1,0,0.3707489441852745,1
0,7,91,1926,0,0,1,0.5342307632825737,2
0,10,119,2019,0,0,0,0.3809147082834411,0
0,4,288,1993,0,0,1,0.7852298992761952,2
2,1,123,1965,1,0,2,0.3374919329003724,2
0,12,343,2023,0,1,2,0.9572222694907139,1
2,2,258,1823,1,0,2,0.7314952776426558,2
0,2,92,1847,1,0,1,0.1741158331852236,1
0,8,107,1898,1,1,0,0.15781247148345268,0
1,9,81,1836,1,0,1,0.619108677461355,1
2,10,341,1851,1,1,1,0.7941223026247242,2
2,9,320,1879,0,0,1,0.6168856493255839,2
0,7,338,1871,1,0,2,0.7480541574566419,1
2,5,379,1885,0,1,1,0.38662419367956213,2
1,11,127,2022,0,0,0,0.69271118224003,1
0,8,336,1999,0,1,1,0.9799344528364549,2
0,8,60,1901,1,1,2,0.5568486026284337,1
0,11,257,1951,0,0,0,0.5370596872250066,1
0,5,365,2019,0,0,0,0.5136654967463362,0
0,5,396,1879,1,0,2,0.9937142675040659,1
0,11,110,1924,0,1,1,0.34078848019995733,2
1,4,301,1986,1,0,1,0.19822328903352915,2
1,12,99,2000,1,0,1,0.12481974496766912,1
2,9,174,1993,0,1,2,0.04203790815867814,2
2,11,189,1915,1,1,1,0.23180495112945132,2
2,3,195,1928,1,1,1,0.09093456855940785,2
1,2,123,1992,1,0,0,0.48172594034747296,1
2,7,196,1930,0,1,0,0.7081143749336599,2
0,3,187,1991,1,1,2,0.18656856205530037,1
0,1,111,1953,0,0,2,0.40825829408468284,1
2,6,156,1886,1,1,1,0.7181070629210395,2
2,12,334,1915,1,1,2,0.7529139158793495,2
1,10,217,1829,1,0,2,0.159233198961104,2
0,6,340,1962,1,0,1,0.7746751224623324,2
0,4,207,1826,1,1,1,0.44015279299540855,2
2,12,172,1845,0,1,1,0.0016170306839654591,2
2,10,119,1862,1,1,2,0.2508451823598715,2
1,1,77,1849,0,1,0,0.9892239243190915,2
2,10,232,1994,0,0,2,0.9331184207240739,2
2,1,62,1970,0,1,2,0.9684098034983577,2
2,3,176,1899,1,1,2,0.9431349068201054,2
2,8,257,1806,0,0,0,0.35807502165612304,2
0,1,161,1940,1,0,1,0.6558959341929571,1
1,12,175,2022,0,0,1,0.4093724207284146,1
0,4,359,1986,1,0,1,0.008956038056436633,1
0,9,143,1936,1,0,0,0.6233319827827086,0
2,9,162,1916,0,0,2,0.5723286935474536,2
2,4,71,1988,1,1,1,0.27162240261233095,2
0,5,61,1927,0,1,2,0.11007641460736783,2
1,4,255,1855,0,1,2,0.29095539353332456,2
0,10,226,1906,0,1,0,0.422582988275945,1
2,1,287,1996,1,1,0,0.9942579713863678,2
2,5,238,2000,1,0,1,0.5653917761833386,2
2,7,201,1955,1,1,0,0.6324453525424701,2
0,11,187,1857,0,1,0,0.28994523954644813,1
1,8,371,1866,0,1,1,0.3835690779957358,2
0,2,153,1823,0,0,2,0.37938582750973115,1
2,7,69,1953,0,1,2,0.07216556651005746,2
2,10,94,1819,0,1,2,0.8684823347059812,2
0,10,224,1882,1,1,2,0.8629968889083697,2
0,11,237,1877,0,1,0,0.8399654908166563,1
0,7,352,1836,0,1,1,0.6205196446253931,2
0,2,331,1989,1,0,0,0.5836472883779906,1
1,9,256,1992,1,1,2,0.6749803689712004,2
0,6,154,2018,1,1,2,0.04519066535074734,1
2,1,383,1913,1,0,0,0.005452646867495026,1
1,3,346,1810,0,0,2,0.4944527933742876,2
2,9,185,1806,1,0,2,0.9257441493852969,2
1,5,248,1801,0,1,0,0.3623419840589367,2
0,3,359,1863,1,0,1,0.7334646688074368,2
1,3,139,1938,1,0,1,0.9383130824717894,2
1,8,236,1889,0,1,1,0.36129432350738433,2
2,4,322,2002,1,0,2,0.7903952459297314,2
2,12,176,1899,0,1,2,0.05370983990646461,2
0,6,148,1802,1,1,1,0.7696071364479045,2
2,2,159,1931,1,0,2,0.6524068767381708,2
1,9,354,1825,0,0,2,0.48017956808658446,2
1,1,133,1990,1,0,2,0.5290088830473588,2
2,9,230,1879,1,0,2,0.9369517483408835,2
2,3,110,1866,0,0,0,0.1830585273343408,2
0,1,122,1946,1,1,1,0.3165199487768634,2
2,6,247,1850,0,0,2,0.6256443532006833,2
1,10,319,1817,0,0,0,0.6875860666866688,1
2,7,160,1826,1,0,0,0.2946399775356734,1
1,11,102,1844,1,1,2,0.14770656229171597,1
1,4,132,1813,1,1,1,0.7758455179061967,2
1,6,206,1887,0,1,0,0.8919658533143854,2
2,6,228,1881,1,1,1,0.9882260704517826,2
2,11,112,1860,0,1,0,0.7887035569842981,2
1,8,162,2001,1,1,0,0.7245690875374574,1
0,9,91,1984,1,1,2,0.0009280656041988911,1
1,12,58,1841,1,1,2,0.42132645886149456,1
0,4,274,1919,0,0,0,0.09902703732098617,1
0,3,296,1819,0,1,1,0.6448140620543373,2
1,10,279,1942,0,0,2,0.45857288550414566,2
0,12,387,1986,1,0,2,0.6532812842150039,1
0,12,319,1822,1,1,1,0.4354169644755216,2
1,7,114,1981,0,0,0,0.3520328960536234,1
2,6,64,1898,1,0,1,0.6190866097275063,2
2,8,366,1904,0,0,1,0.3762549108708484,2
1,12,209,1826,1,0,1,0.33226818091292276,2
2,8,282,1828,0,0,2,0.5373085283288139,2
2,7,141,1982,0,1,2,0.01620602327370979,2
0,2,155,1923,1,0,2,0.10393128176270372,1
0,10,317,1832,0,1,0,0.8135099002927519,1
1,3,305,1905,1,0,1,0.5485378235217536,2
1,12,105,2023,0,1,2,0.10680176153429122,2
0,2,195,1854,1,0,1,0.6167958383179378,1
2,2,145,1872,0,0,2,0.23822897202969195,2
0,4,87,1888,0,0,2,0.7608499976366557,2
0,5,212,2023,0,1,1,0.9790686272845536,2
1,2,217,1871,1,0,2,0.12675130897315556,2
0,8,386,1929,0,0,1,0.14774500234473564,2
0,11,366,2014,0,1,2,0.2400214191554817,2
0,3,127,1903,0,0,2,0.7765493781982411,2
2,3,252,1860,0,0,2,0.13952640134184568,2
0,10,265,1844,0,1,0,0.3616099007127044,1
1,1,316,1850,1,0,2,0.43861845015681533,2
2,6,137,1869,0,0,1,0.3627900042158495,2
1,3,97,2021,0,0,0,0.4785563677504061,0
0,2,110,1996,1,1,0,0.24228404332419273,0
2,12,144,1882,0,0,2,0.8927780660619212,2
0,10,296,1811,1,0,1,0.3867227455545802,1
2,6,345,1908,0,0,2,0.5147886071417844,2
2,12,386,1825,0,1,0,0.8695029761131833,2
0,11,316,1904,1,0,1,0.5150453208288925,2
0,1,245,1941,1,1,0,0.7928747347951204,1
2,11,228,2007,1,1,2,0.3562836371841779,2
1,4,382,1996,0,0,2,0.965557699955202,2
2,5,311,1978,1,0,1,0.1353765180655756,2
0,8,184,1963,1,0,1,0.9495007128749575,1
1,9,54,1959,0,0,1,0.559591018356138,2
1,10,302,1935,0,1,0,0.24640840877678694,2
1,12,200,1950,0,1,0,0.025761489331991516,2
0,11,302,1881,0,0,1,0.40709292627463645,2
2,5,123,1834,0,0,2,0.25387197815036233,2
1,3,193,1856,1,1,0,0.639880222460004,1
2,5,288,1987,0,0,1,0.9847144918696017,2
2,4,165,1940,0,0,0,0.36596175896582606,2
0,7,229,2005,0,0,2,0.739110868827867,1
2,6,95,2007,0,1,1,0.7731056823199847,2
0,3,329,1823,0,1,1,0.7243110892190839,2
0,1,246,1854,0,1,1,0.44275499761253234,2
2,6,219,1863,1,0,1,0.28401970476050975,2
2,12,53,1889,1,1,0,0.8911174056092144,1
2,3,254,1963,1,1,0,0.01619235763520932,2
0,5,357,1869,1,0,1,0.7881915402072958,2
0,8,169,1969,1,0,0,0.23941094256273876,0
1,10,245,2021,1,1,2,0.056740803196002165,1
2,7,242,1960,0,0,0,0.2102522422484061,2
0,5,247,1917,1,0,0,0.14126076525141196,0
0,10,112,1957,0,0,2,0.7353278605811064,2
1,11,224,1919,1,1,1,0.004938864156502243,2
1,9,150,2007,1,1,0,0.5112654138317994,1
0,9,149,1810,1,1,2,0.7991741662509368,2
2,12,155,1942,1,1,2,0.2660825266363115,2
0,2,267,1925,1,0,0,0.895009963599682,1
1,4,350,1911,0,1,2,0.48930467364391683,2
1,2,69,1946,1,0,0,0.89725770003725,0
1,8,165,1932,1,0,0,0.41173738205061117,1
2,12,291,2023,0,1,2,0.25822711624914396,2
1,6,167,1941,0,0,1,0.27508533397891777,2
2,5,300,1812,0,0,1,0.7897769314810044,2
2,4,212,1869,1,0,1,0.3846790420865964,2
0,2,52,1899,1,0,2,0.1352462703030508,0
1,5,288,1887,1,1,1,0.5037931472854236,2
0,12,259,1881,0,0,2,0.29375826612098765,1
2,1,66,1964,1,0,1,0.7512635852869057,2
2,8,96,1815,1,0,2,0.743004821064462,2
2,6,370,1890,1,0,0,0.823704328354867,2
0,3,131,1925,1,0,1,0.10585643190722271,1
2,3,393,1865,1,1,0,0.9116140110877753,2
1,6,234,1813,1,1,0,0.40040897405511533,1
2,3,100,1930,1,0,2,0.783679834957323,2
0,4,135,2004,0,1,0,0.6933572462191765,1
2,1,80,1803,0,1,1,0.27009238426096105,2
1,8,173,1978,0,0,1,0.020464349770883072,2
0,5,377,1845,0,1,2,0.8387464058233816,2
1,6,342,1957,0,1,1,0.5035415327356871,2
0,4,347,1828,1,1,0,0.6113221111212247,1
0,3,221,1889,1,0,0,0.13922020174653682,0
0,5,228,1922,0,1,0,0.5912912359824549,1
2,12,149,1820,0,1,1,0.2242694364777582,2
0,5,277,1828,1,0,0,0.2203860121598007,0
2,9,178,1980,1,1,2,0.41448851005937926,2
0,1,70,1869,0,1,2,0.27026735074291064,2
0,3,107,1980,1,0,0,0.11981804074770452,0
1,7,280,1992,0,0,1,0.03731158183952854,2
2,12,67,1974,0,1,2,0.8339890418067812,2
1,10,174,1971,0,1,1,0.6723127991784227,2
1,3,238,1875,1,0,0,0.29607443214327356,1
1,1,359,1896,0,0,2,0.09220472640890154,2
1,3,56,1933,0,1,0,0.7626144496963896,2
1,7,297,1877,1,1,0,0.1809290371531853,1
2,2,332,1970,1,0,0,0.15423998509974945,1
0,5,245,1885,1,1,2,0.2132792862817301,2
1,4,373,1954,1,1,1,0.8718836707721472,2
1,2,399,1803,0,0,1,0.6272310597103091,2
1,10,141,1940,1,1,0,0.9715734033812921,1
2,6,149,1976,1,1,0,0.7795054790856951,2
0,3,61,1879,1,0,2,0.16740983981067026,0
0,11,78,1838,0,0,0,0.36911254154056805,1
1,10,349,1980,0,0,2,0.5103927702565761,2
0,5,273,1816,1,1,2,0.7343353148040184,2
0,5,123,1979,1,0,0,0.24530568269011,0
1,1,399,1848,0,1,0,0.17667172748090298,2
1,4,367,1978,0,1,1,0.6286263471848248,2
2,9,218,1973,1,1,2,0.3265655033058914,2
0,5,224,1885,0,0,2,0.34742983085616996,1
1,10,87,1882,1,1,2,0.3155406971389455,1
0,4,292,1998,0,1,0,0.6841118022027692,1
2,3,302,2017,1,1,0,0.5781603781656659,1
0,9,398,2016,1,1,2,0.7502774778991013,1
2,5,333,1875,1,0,0,0.8683423379350886,2
0,12,207,1894,0,0,1,0.6560895762618768,2
0,3,83,1906,1,1,2,0.27432166463811425,1
1,5,127,1896,1,0,0,0.7225843992183942,1
0,10,356,1918,0,1,2,0.4925119289450295,2
1,4,59,1968,1,1,0,0.42722919854511876,0
2,5,125,1987,0,0,2,0.8955057231476673,2
1,5,381,2007,1,1,2,0.4296825344426257,2
2,7,238,1982,0,0,1,0.13735440785049713,2
1,3,174,1816,0,1,2,0.910693390358561,2
2,5,338,2025,0,1,2,0.6784363543887815,2
0,2,145,2001,0,0,0,0.5915986032125908,1
1,9,81,1947,0,1,1,0.33677891904347335,2
1,10,184,1947,1,0,1,0.42530569444244015,2
0,6,297,1860,0,1,0,0.1094326705832479,1
