niveau_risque,type_vehicule,nombre_places,usage,tarif,valeur_vehicule,variation_frais
0,1,15,0,1,52325,21.5
1,1,12,1,1,96176,34.5
1,1,2,0,0,90612,18.0
1,1,22,1,1,46501,28.0
1,1,12,1,1,45813,23.0
2,0,2,1,1,45052,13.3
1,0,2,0,0,12660,6.0
1,0,2,1,1,11541,9.0
2,1,30,1,0,30449,29.0
1,1,9,1,0,80181,26.25
1,0,2,1,1,14619,9.0
0,0,2,0,0,25860,7.7
2,0,2,1,1,2910,5.7
2,0,2,1,1,18892,13.3
1,0,2,1,1,15623,12.6
1,0,2,0,0,18852,8.4
0,0,2,0,0,21603,7.7
0,1,7,1,0,22508,10.85
0,1,5,0,1,45614,16.5
0,0,2,1,0,7581,6.5
2,0,2,1,1,30234,13.3
0,1,30,0,1,87604,43.5
2,1,9,0,1,87449,30.75
2,1,9,1,1,45421,22.5
2,0,2,0,0,11674,6.5
0,0,2,1,1,30660,11.9
1,0,2,1,0,5538,7.0
2,1,12,1,1,87035,36.0
1,1,30,0,0,65830,26.0
1,1,7,1,0,70583,24.75
2,1,30,0,0,68704,27.0
1,0,2,1,1,43006,12.6
1,0,2,0,0,22414,8.4
2,0,2,0,0,49053,9.1
1,0,2,1,1,43952,12.6
0,1,5,0,0,42127,12.5
0,1,5,0,0,44849,12.5
0,1,12,0,0,60026,16.0
1,0,2,0,0,24190,8.4
2,0,2,0,1,27725,11.9
2,1,22,1,0,48197,25.0
0,0,2,1,1,23328,11.9
2,0,2,0,0,13473,6.5
0,0,2,0,0,32219,7.7
0,1,12,1,0,39208,18.0
0,0,2,0,1,44026,10.5
0,1,12,1,1,49816,22.0
2,1,7,0,1,88127,29.25
2,1,22,1,0,21800,17.5
0,1,7,0,0,41706,13.5
0,1,5,1,1,23485,12.95
0,1,9,1,0,51522,16.5
0,0,2,1,0,41029,9.1
0,0,2,0,1,16419,10.5
0,0,2,1,1,29611,11.9
1,0,2,1,1,9231,9.0
1,1,7,1,0,20454,11.55
0,0,2,1,1,20431,11.9
2,0,2,0,1,48516,11.9
2,0,2,1,1,5507,9.5
0,0,2,0,1,3649,4.5
0,0,2,0,1,18654,10.5
2,1,5,1,0,84731,24.75
0,1,30,1,1,99238,46.5
0,0,2,1,1,19883,11.9
1,0,2,1,0,27861,9.8
0,1,7,0,1,69237,17.5
1,1,30,1,0,87843,42.0
1,0,2,1,1,22110,12.6
1,1,22,1,0,50344,24.0
1,1,12,1,1,67636,23.0
2,1,2,1,0,61505,15.0
2,0,2,1,1,35122,13.3
0,0,2,1,1,8633,8.5
1,0,2,0,1,21442,11.2
1,1,15,1,0,32811,20.5
2,0,2,0,0,49351,9.1
1,1,12,1,1,93411,34.5
0,1,7,0,0,56807,13.5
0,0,2,0,0,39509,7.7
0,0,2,1,0,48955,9.1
2,0,2,0,0,9396,6.5
1,1,2,1,0,68788,14.0
0,1,12,1,1,32697,22.0
2,0,2,0,1,36832,11.9
2,1,12,0,1,37828,22.0
0,0,2,0,1,1258,4.5
0,0,2,1,1,40410,11.9
2,1,5,0,1,32603,18.5
0,1,15,1,1,17014,16.45
2,1,12,0,0,61678,18.0
1,1,5,1,0,16677,10.85
0,0,2,1,0,34407,9.1
1,1,9,0,1,10510,13.65
2,0,2,1,0,20657,10.5
0,0,2,0,1,38428,10.5
2,1,22,0,0,79990,34.5
2,1,9,0,1,69598,20.5
1,0,2,0,1,45880,11.2
2,0,2,0,0,33983,9.1
2,1,2,0,1,76264,25.5
2,1,2,0,0,58782,13.0
2,1,9,1,1,98863,33.75
1,1,9,1,1,12303,15.05
1,1,22,1,1,73932,42.0
1,0,2,1,0,48144,9.8
2,1,15,1,1,79670,38.25
0,1,15,0,0,88198,26.25
1,0,2,1,1,24634,12.6
1,1,2,0,0,56950,12.0
2,1,5,1,1,26855,14.35
2,0,2,0,0,34255,9.1
2,1,2,1,1,13691,13.3
1,0,2,0,1,19012,11.2
1,1,12,1,0,55719,19.0
0,1,12,1,0,55101,18.0
2,0,2,1,0,4499,4.5
1,0,2,1,0,1519,4.2
0,0,2,0,1,26898,10.5
0,1,15,1,1,63576,23.5
0,1,5,1,1,18686,12.95
0,1,15,0,1,88959,32.25
2,0,2,1,0,12681,7.5
0,0,2,0,1,3130,4.5
0,0,2,1,1,20015,11.9
1,1,5,0,0,98473,20.25
1,0,2,1,0,31422,9.8
0,0,2,0,1,32629,10.5
1,0,2,1,1,28262,12.6
0,1,12,1,0,96677,27.0
0,0,2,0,1,7359,7.5
1,1,22,0,1,17563,18.2
2,1,12,1,0,82745,30.0
2,0,2,0,0,39772,9.1
2,0,2,1,1,26948,13.3
2,0,2,0,0,20097,9.1
1,1,15,1,1,46032,24.5
0,1,2,1,0,50172,13.0
1,1,22,1,1,41572,28.0
0,1,7,1,1,16101,13.65
2,1,2,0,0,39841,13.0
2,1,22,0,1,70616,40.5
0,1,7,0,1,89688,26.25
2,0,2,0,0,1367,3.9
0,0,2,1,0,38400,9.1
2,0,2,0,1,26452,11.9
2,0,2,0,1,35135,11.9
0,1,7,1,1,83147,29.25
2,1,7,1,1,75133,32.25
0,0,2,0,0,28623,7.7
0,0,2,0,0,46953,7.7
2,0,2,1,0,13422,7.5
1,1,5,1,0,86771,23.25
2,1,2,1,1,73781,28.5
1,1,2,0,0,62333,12.0
0,0,2,0,0,11041,5.5
0,1,30,1,1,93726,46.5
1,0,2,0,1,27639,11.2
2,0,2,0,1,5813,8.5
0,1,12,1,1,38499,22.0
2,0,2,1,1,13812,9.5
0,1,5,1,0,50847,14.5
1,1,15,1,0,89988,30.75
0,1,9,0,1,55543,18.5
1,1,7,0,0,78061,21.75
2,1,9,0,1,52763,20.5
0,0,2,1,0,39754,9.1
1,1,22,1,0,30409,24.0
0,0,2,1,0,14125,6.5
0,0,2,0,0,5739,5.5
2,1,15,0,1,77841,35.25
2,1,7,1,0,38282,17.5
0,1,30,0,0,60511,25.0
1,1,2,0,0,66734,12.0
0,0,2,0,1,28920,10.5
0,0,2,1,0,10619,6.5
1,0,2,1,1,19315,12.6
2,1,2,1,1,97255,28.5
1,0,2,1,0,31352,9.8
0,0,2,0,1,6467,7.5
1,0,2,1,1,31354,12.6
1,1,15,0,1,41353,22.5
1,0,2,1,0,40892,9.8
0,1,7,1,0,46946,15.5
0,1,30,1,0,17763,18.9
0,0,2,0,1,33681,10.5
1,0,2,1,0,16842,9.8
1,1,2,0,0,99586,18.0
0,0,2,0,0,1301,3.3
2,1,12,0,0,28053,12.6
2,1,15,1,0,58074,21.5
2,1,15,0,1,66026,23.5
2,0,2,0,0,38836,9.1
2,0,2,1,1,41989,13.3
0,0,2,0,0,27119,7.7
2,1,7,0,0,96494,23.25
0,0,2,1,1,33645,11.9
2,0,2,0,0,36677,9.1
0,1,2,1,1,63744,17.0
2,1,22,1,0,32705,25.0
1,0,2,0,0,35024,8.4
2,1,15,0,1,20713,16.45
2,1,7,1,0,84903,26.25
1,0,2,0,1,17117,11.2
0,1,22,1,1,71798,40.5
2,1,30,1,1,28091,23.1
0,1,15,0,0,81253,26.25
0,1,22,0,0,13103,14.7
0,1,12,0,1,87360,30.0
0,0,2,1,0,21790,9.1
1,0,2,1,1,19661,12.6
2,0,2,1,0,31030,10.5
1,0,2,1,0,39231,9.8
2,1,7,0,0,21655,10.85
0,1,30,0,0,14414,17.5
0,0,2,0,1,10283,7.5
1,0,2,1,0,12610,7.0
1,0,2,1,1,6199,9.0
0,0,2,0,0,30611,7.7
0,1,12,0,1,97505,30.0
2,0,2,0,0,9956,6.5
0,0,2,1,1,14659,8.5
2,0,2,1,0,31935,10.5
2,0,2,1,0,28027,10.5
1,0,2,0,1,39053,11.2
0,0,2,1,1,27187,11.9
0,1,9,1,1,71494,30.75
0,0,2,0,0,23853,7.7
0,1,2,1,0,88833,19.5
2,1,30,0,0,80107,40.5
1,0,2,1,0,35493,9.8
2,1,12,1,1,55127,24.0
1,1,22,0,0,11247,15.4
2,1,30,0,1,57045,31.0
2,1,15,0,1,24744,16.45
1,1,2,1,1,74478,27.0
1,1,7,1,0,42624,16.5
2,0,2,1,1,45841,13.3
0,1,9,1,1,24190,14.35
1,1,22,0,1,69904,26.0
2,1,22,1,1,22538,20.3
1,0,2,0,1,44453,11.2
0,0,2,0,0,48017,7.7
1,1,15,1,1,45398,24.5
1,0,2,1,0,36102,9.8
1,0,2,1,1,2614,5.4
0,0,2,1,1,26244,11.9
0,0,2,1,0,15034,9.1
2,1,22,1,1,20091,20.3
1,0,2,1,0,41633,9.8
2,0,2,0,1,34724,11.9
0,1,12,1,0,43588,18.0
0,0,2,0,0,46778,7.7
2,1,2,1,1,76914,28.5
2,1,2,0,1,87944,25.5
1,1,5,0,0,74570,20.25
2,0,2,0,0,18917,9.1
0,1,15,0,1,53496,21.5
1,0,2,1,0,21351,9.8
0,1,15,1,0,45850,19.5
0,1,2,1,1,25675,11.9
2,1,7,1,1,47909,21.5
0,1,22,1,1,59246,27.0
1,1,2,1,0,61349,14.0
0,1,9,1,0,76608,24.75
2,1,15,1,0,58758,21.5
1,1,30,1,0,61612,28.0
1,0,2,1,1,33286,12.6
0,0,2,0,1,33835,10.5
2,1,7,0,1,20925,13.65
1,1,9,0,1,88950,29.25
2,0,2,0,0,3328,3.9
0,0,2,1,1,42125,11.9
1,0,2,1,1,24652,12.6
2,1,2,1,1,96992,28.5
1,0,2,1,0,26344,9.8
2,1,15,0,1,23281,16.45
2,0,2,1,1,48406,13.3
0,1,22,0,1,65462,25.0
0,1,7,1,0,78732,23.25
2,0,2,1,1,29204,13.3
2,0,2,1,1,40414,13.3
1,0,2,0,0,44257,8.4
0,0,2,1,1,4562,5.1
1,0,2,1,0,36695,9.8
2,0,2,0,1,13125,8.5
2,1,22,1,0,43481,25.0
1,1,5,0,0,79152,20.25
0,0,2,0,1,9427,7.5
1,0,2,1,1,46331,12.6
0,0,2,1,0,24343,9.1
2,0,2,1,0,30738,10.5
2,1,15,1,0,93756,32.25
0,0,2,0,0,31804,7.7
2,0,2,1,0,43973,10.5
0,1,2,1,1,88958,25.5
2,0,2,1,1,42783,13.3
0,0,2,1,0,34042,9.1
0,1,9,1,0,67074,16.5
0,1,15,1,0,57634,19.5
0,0,2,1,0,11527,6.5
0,1,2,1,0,81221,19.5
2,0,2,0,1,10424,8.5
0,0,2,0,0,14585,5.5
1,1,12,0,1,38797,21.0
1,1,15,1,0,88435,30.75
2,0,2,1,1,31814,13.3
2,0,2,1,1,7155,9.5
2,1,2,0,0,43950,13.0
1,1,2,1,1,75691,27.0
0,0,2,1,0,4330,3.9
0,1,7,0,1,59514,17.5
2,0,2,1,0,38340,10.5
2,0,2,0,1,29211,11.9
0,0,2,1,0,7222,6.5
1,1,9,0,0,28817,10.85
0,1,7,0,1,46291,17.5
2,0,2,1,0,28745,10.5
1,1,2,1,1,62561,18.0
2,0,2,1,1,27852,13.3
0,1,15,1,1,20320,16.45
1,1,5,0,0,80041,20.25
2,1,15,1,0,77503,32.25
2,0,2,1,0,29497,10.5
2,1,9,0,0,57529,16.5
1,1,12,0,0,99059,25.5
2,0,2,0,1,36151,11.9
2,1,2,1,0,80306,22.5
0,1,2,0,0,11583,7.7
2,1,5,0,0,21882,10.15
0,0,2,1,0,42440,9.1
1,1,5,1,0,29620,10.85
0,0,2,0,0,35937,7.7
0,1,30,0,0,84881,37.5
0,0,2,0,1,31607,10.5
2,1,7,1,0,27158,12.25
1,1,22,1,1,46461,28.0
0,1,22,1,1,38253,27.0
1,0,2,1,1,48662,12.6
2,1,7,1,0,59703,17.5
0,1,5,1,1,38721,18.5
2,0,2,0,1,2104,5.1
1,1,12,0,1,80022,31.5
1,0,2,1,0,31182,9.8
0,0,2,0,1,15759,10.5
2,0,2,1,0,5737,7.5
2,0,2,0,1,48758,11.9
0,1,7,1,1,41948,19.5
2,1,12,0,0,57994,18.0
2,1,15,1,1,34891,25.5
1,1,12,0,1,48119,21.0
2,0,2,0,1,22357,11.9
1,1,12,1,0,46297,19.0
1,1,22,0,0,61598,22.0
2,0,2,0,1,23355,11.9
2,0,2,0,1,33139,11.9
2,1,15,1,1,88345,38.25
2,0,2,1,0,3334,4.5
0,0,2,1,1,27591,11.9
0,1,22,1,0,30223,23.0
2,1,2,0,0,73995,19.5
0,1,15,1,0,81070,29.25
0,1,15,1,1,23201,16.45
0,0,2,1,1,28417,11.9
0,0,2,1,0,10915,6.5
2,0,2,0,0,26964,9.1
0,1,7,1,0,12975,10.85
1,0,2,0,0,47804,8.4
1,0,2,1,0,39925,9.8
2,1,7,0,1,69083,19.5
2,0,2,1,0,37259,10.5
1,1,5,0,0,30362,13.5
0,0,2,0,1,47957,10.5
1,0,2,0,1,30864,11.2
1,0,2,1,1,5214,9.0
2,0,2,1,0,29397,10.5
2,0,2,1,1,16794,13.3
1,1,5,1,0,97438,23.25
0,1,12,1,0,64637,18.0
0,0,2,0,1,39580,10.5
2,1,7,0,1,47266,19.5
1,0,2,0,1,8497,8.0
1,1,9,0,1,78929,29.25
1,0,2,0,0,12225,6.0
0,1,5,1,1,49341,18.5
0,1,22,0,1,61970,25.0
2,1,22,1,1,68176,29.0
1,1,12,1,1,78265,34.5
1,0,2,1,1,32115,12.6
0,0,2,1,1,27838,11.9
2,0,2,0,1,44538,11.9
1,1,7,1,0,71705,24.75
2,0,2,0,1,43231,11.9
2,1,2,1,0,79661,22.5
1,0,2,0,0,37714,8.4
0,0,2,1,1,28400,11.9
1,0,2,1,1,43749,12.6
0,1,22,0,0,45995,21.0
1,0,2,0,1,45065,11.2
0,0,2,1,1,10651,8.5
2,1,30,1,1,59341,33.0
2,0,2,0,0,38718,9.1
1,0,2,0,0,24637,8.4
2,1,7,1,1,34968,21.5
0,1,15,0,0,31506,17.5
0,1,22,0,0,75602,31.5
0,1,5,1,0,48609,14.5
2,1,5,0,0,77510,21.75
2,1,7,1,0,63321,17.5
1,0,2,0,0,1748,3.6
0,0,2,1,0,26348,9.1
0,1,12,1,0,48018,18.0
1,1,2,0,1,83049,24.0
2,1,30,1,0,14322,20.3
2,1,2,1,0,37856,15.0
0,0,2,1,1,3420,5.1
2,1,2,1,1,98300,28.5
0,0,2,0,1,2604,4.5
0,1,9,0,1,48084,18.5
2,0,2,1,0,11234,7.5
2,0,2,0,1,33698,11.9
1,1,5,1,0,28443,10.85
2,0,2,0,0,22066,9.1
1,0,2,1,0,16224,9.8
2,0,2,0,1,3711,5.1
1,0,2,0,1,24168,11.2
1,1,30,0,0,88693,39.0
1,1,15,1,1,20326,17.15
0,0,2,0,1,3866,4.5
0,1,22,1,1,83716,40.5
1,0,2,1,0,25824,9.8
1,1,7,0,0,63085,14.5
1,0,2,1,1,5467,9.0
0,0,2,1,1,30616,11.9
1,0,2,0,1,20497,11.2
0,0,2,1,1,7243,8.5
1,0,2,0,0,47675,8.4
0,0,2,1,1,3040,5.1
2,0,2,1,0,8983,7.5
0,0,2,1,1,32362,11.9
1,1,5,1,1,18024,13.65
0,0,2,1,0,44383,9.1
0,0,2,0,1,26229,10.5
1,0,2,1,0,37005,9.8
2,0,2,1,1,1486,5.7
0,0,2,0,1,18587,10.5
0,0,2,0,1,19026,10.5
2,1,9,0,1,73637,30.75
2,0,2,1,1,22128,13.3
1,0,2,1,0,44129,9.8
2,1,7,0,0,59824,15.5
1,1,22,0,0,85376,33.0
2,0,2,0,0,41680,9.1
2,1,2,1,0,23129,10.5
2,0,2,0,0,36864,9.1
2,1,30,1,1,81599,49.5
2,1,15,1,1,34160,25.5
2,0,2,1,0,11382,7.5
0,1,7,1,0,44117,15.5
2,0,2,0,0,31541,9.1
2,1,30,0,0,65728,27.0
2,1,22,1,0,89921,37.5
0,0,2,1,0,44952,9.1
0,1,12,0,1,24022,14.0
2,0,2,1,0,10231,7.5
1,1,15,0,1,59395,22.5
0,1,15,0,0,72935,26.25
2,1,5,0,0,38922,14.5
1,1,5,1,1,79649,29.25
0,1,30,1,1,65434,31.0
1,1,30,0,0,29584,18.2
1,1,5,1,0,40198,15.5
2,1,7,0,1,61620,19.5
0,0,2,0,1,4597,4.5
1,0,2,1,1,26230,12.6
0,0,2,1,1,38393,11.9
1,0,2,0,1,23491,11.2
1,0,2,1,0,24814,9.8
0,1,15,0,1,75466,32.25
1,1,7,1,0,70806,24.75
2,1,9,0,1,62922,20.5
2,0,2,1,1,17484,13.3
2,0,2,0,0,9421,6.5
2,1,7,0,1,24127,13.65
2,1,7,0,0,100000,23.25
2,1,15,0,0,82075,29.25
2,0,2,1,1,45612,13.3
2,1,5,1,1,78926,30.75
2,1,7,0,1,35344,19.5
0,0,2,0,0,7563,5.5
1,0,2,1,1,7306,9.0
1,1,30,0,0,81864,39.0
2,0,2,1,1,9979,9.5
1,1,30,1,0,60659,28.0
0,1,30,0,1,32141,29.0
2,0,2,0,1,26084,11.9
1,1,15,1,1,75922,36.75
0,0,2,1,1,6152,8.5
0,1,12,0,1,96633,30.0
1,0,2,0,0,32339,8.4
1,1,22,1,1,18249,19.6
1,1,15,0,0,47536,18.5
0,0,2,0,1,49434,10.5
0,1,22,1,0,97557,34.5
0,1,7,1,1,48596,19.5
1,0,2,0,0,24583,8.4
2,0,2,1,0,23702,10.5
2,0,2,0,0,43258,9.1
1,0,2,1,1,7192,9.0
1,0,2,1,0,11966,7.0
0,1,15,1,0,17199,13.65
0,0,2,0,0,49893,7.7
2,1,22,0,0,35015,23.0
0,0,2,0,1,4169,4.5
0,1,9,1,1,76979,30.75
1,0,2,1,1,39346,12.6
0,1,7,1,1,94753,29.25
1,0,2,0,1,38444,11.2
0,0,2,0,1,19566,10.5
1,1,22,0,0,77894,33.0
1,1,2,0,1,66213,16.0
0,1,2,0,0,84511,16.5
1,1,30,1,0,98731,42.0
1,0,2,1,0,12834,7.0
0,1,15,1,1,27671,16.45
1,1,15,0,1,99636,33.75
1,0,2,1,0,13447,7.0
2,1,30,1,1,52830,33.0
1,1,22,1,0,94674,36.0
1,0,2,1,0,18782,9.8
2,0,2,1,1,14238,9.5
0,1,30,1,0,53508,27.0
2,0,2,0,0,8547,6.5
2,0,2,1,0,7612,7.5
0,1,30,1,0,76493,40.5
0,0,2,0,1,16514,10.5
1,1,7,1,0,55521,16.5
0,0,2,0,0,15482,7.7
0,0,2,1,1,24074,11.9
2,0,2,1,0,34050,10.5
1,1,15,0,1,68682,22.5
1,0,2,1,0,13100,7.0
1,1,15,0,1,85773,33.75
2,0,2,1,0,6508,7.5
0,0,2,1,0,43813,9.1
1,1,30,1,1,59535,32.0
2,1,7,0,0,61620,15.5
0,1,22,0,0,35758,21.0
1,1,30,0,0,94820,39.0
0,1,15,0,0,15433,12.25
0,0,2,1,1,3959,5.1
1,1,7,0,1,40999,18.5
2,1,22,1,1,37051,29.0
0,0,2,1,0,32414,9.1
2,1,9,1,0,73865,27.75
1,1,2,1,0,17582,9.8
2,0,2,0,1,31472,11.9
1,1,7,1,0,18710,11.55
1,0,2,0,1,31014,11.2
0,1,7,1,0,70420,23.25
1,1,7,0,0,22478,10.15
1,1,9,0,0,61649,15.5
0,1,5,0,0,97733,18.75
1,1,30,1,0,32498,28.0
0,0,2,1,0,9826,6.5
2,0,2,0,1,16318,11.9
2,0,2,0,1,34756,11.9
1,1,12,0,0,54525,17.0
1,1,15,0,0,19875,12.95
0,1,22,0,0,72430,31.5
0,0,2,1,0,44036,9.1
0,1,9,0,1,67447,18.5
2,0,2,1,1,47858,13.3
1,1,15,0,1,21588,15.75
2,1,30,0,0,87410,40.5
0,1,30,0,0,50466,25.0
0,0,2,0,0,26136,7.7
0,1,2,1,1,13895,11.9
0,0,2,1,1,23151,11.9
0,0,2,0,0,11607,5.5
2,1,30,0,1,53991,31.0
0,0,2,0,1,19511,10.5
2,0,2,1,0,46197,10.5
0,1,2,0,0,23134,7.7
0,1,5,1,0,66387,14.5
0,0,2,0,0,29178,7.7
0,1,12,1,0,62241,18.0
2,0,2,0,1,23798,11.9
0,1,7,0,0,34489,13.5
2,1,15,1,0,49355,21.5
2,1,9,0,1,29046,14.35
1,0,2,0,1,44256,11.2
0,1,30,0,0,64127,25.0
2,1,22,0,1,66984,27.0
2,0,2,1,0,31410,10.5
0,0,2,1,1,11345,8.5
1,1,5,0,1,35177,17.5
2,1,9,1,1,83228,33.75
0,1,15,1,1,82521,35.25
2,1,30,1,1,44053,33.0
0,1,5,0,0,37314,12.5
2,0,2,0,0,20122,9.1
1,0,2,0,0,41094,8.4
0,0,2,1,0,20461,9.1
2,1,12,1,0,40455,20.0
2,0,2,0,1,42113,11.9
0,0,2,1,0,9671,6.5
0,1,12,0,0,22437,11.2
2,1,9,1,0,24053,12.95
0,1,5,1,0,93308,21.75
0,1,9,1,1,16936,14.35
0,0,2,1,1,4345,5.1
1,0,2,1,0,31659,9.8
1,1,7,0,1,56836,18.5
1,0,2,0,1,19900,11.2
2,1,12,0,0,25010,12.6
2,1,30,1,1,59795,33.0
1,1,15,0,1,46978,22.5
1,1,9,1,0,66579,17.5
1,0,2,0,0,2331,3.6
2,0,2,1,1,43934,13.3
2,0,2,0,1,6164,8.5
1,1,30,0,0,95432,39.0
0,0,2,0,0,6879,5.5
2,1,12,0,1,11430,15.4
2,0,2,1,0,44723,10.5
0,0,2,1,1,19455,11.9
2,0,2,1,0,44063,10.5
0,0,2,1,1,45801,11.9
0,0,2,0,1,49262,10.5
0,0,2,0,1,47568,10.5
0,1,9,1,0,82220,24.75
2,0,2,0,1,13795,8.5
0,1,15,1,1,65607,23.5
0,1,2,0,0,79381,16.5
0,1,22,1,0,83969,34.5
2,1,9,1,1,61842,22.5
1,0,2,0,1,32812,11.2
2,1,22,0,0,49908,23.0
0,1,22,0,0,60758,21.0
2,1,5,1,1,20598,14.35
0,0,2,1,0,37657,9.1
1,1,9,0,1,74547,29.25
1,1,9,0,1,73273,29.25
1,1,9,1,1,24452,15.05
1,1,2,0,1,66592,16.0
0,1,30,1,1,13186,21.7
0,0,2,0,1,32167,10.5
1,1,2,1,1,88263,27.0
0,1,2,1,1,64137,17.0
0,0,2,0,1,19257,10.5
1,0,2,0,1,46709,11.2
0,0,2,0,0,24221,7.7
2,0,2,0,0,31675,9.1
1,0,2,0,0,26082,8.4
2,1,2,1,1,22913,13.3
0,1,2,0,0,61251,11.0
2,0,2,0,1,33124,11.9
2,0,2,1,0,27315,10.5
2,1,2,0,0,83812,19.5
1,1,7,0,0,90847,21.75
0,1,12,1,0,47599,18.0
0,1,2,1,1,63762,17.0
2,1,9,0,1,80883,30.75
2,1,5,1,0,59965,16.5
2,1,2,1,0,18153,10.5
0,1,22,1,1,72041,40.5
2,1,7,1,0,92054,26.25
2,0,2,0,1,24584,11.9
1,0,2,0,1,9586,8.0
2,1,9,1,1,13365,15.75
1,0,2,0,0,34965,8.4
0,0,2,0,1,26498,10.5
2,0,2,0,0,18148,9.1
1,1,5,1,1,71228,29.25
0,1,5,0,0,93812,18.75
2,0,2,1,1,6845,9.5
1,1,22,1,0,38784,24.0
2,0,2,1,1,7061,9.5
1,0,2,1,0,9573,7.0
1,1,12,1,1,74199,34.5
2,0,2,1,0,16660,10.5
0,1,5,0,0,18337,8.75
0,0,2,1,0,28725,9.1
0,0,2,1,0,20839,9.1
0,1,12,1,1,52241,22.0
1,1,2,0,0,52810,12.0
1,1,15,0,0,83952,27.75
2,1,22,0,1,29754,18.9
0,0,2,0,1,30384,10.5
1,1,2,1,0,91698,21.0
0,0,2,0,0,16928,7.7
0,1,9,0,0,88094,21.75
1,0,2,0,1,32736,11.2
1,0,2,0,0,33599,8.4
2,0,2,0,1,38754,11.9
2,1,5,0,1,23146,12.95
1,1,7,1,1,94343,30.75
0,1,22,1,0,87306,34.5
2,1,9,1,1,62277,22.5
1,1,7,1,1,16589,14.35
1,0,2,0,0,18122,8.4
1,0,2,1,1,7295,9.0
1,0,2,1,1,42590,12.6
0,0,2,1,1,24323,11.9
2,0,2,0,0,40092,9.1
1,0,2,0,1,22314,11.2
0,0,2,0,0,16305,7.7
0,1,15,0,1,24292,15.05
0,1,12,0,1,95507,30.0
1,1,9,1,0,87097,26.25
2,0,2,0,0,32706,9.1
0,1,7,0,0,31972,13.5
0,0,2,1,1,8993,8.5
0,0,2,0,1,12601,7.5
2,0,2,0,0,41228,9.1
1,1,12,1,1,63307,23.0
2,0,2,0,1,12911,8.5
0,0,2,1,1,33729,11.9
2,0,2,0,0,31626,9.1
0,1,5,0,0,88443,18.75
1,1,30,1,0,84109,42.0
0,1,5,0,1,98292,24.75
1,0,2,0,0,43873,8.4
1,0,2,1,1,13779,9.0
2,1,22,1,1,48166,29.0
1,1,7,0,0,29989,10.15
0,0,2,0,0,7012,5.5
0,1,15,0,0,35328,17.5
1,1,9,1,0,43330,17.5
0,1,15,0,0,17897,12.25
0,0,2,1,1,41336,11.9
2,1,15,0,1,52742,23.5
0,0,2,0,1,39392,10.5
0,0,2,1,1,11273,8.5
1,0,2,0,0,49125,8.4
1,0,2,1,0,36416,9.8
1,1,9,1,0,81300,26.25
2,1,22,0,1,31471,27.0
1,0,2,1,0,26132,9.8
1,0,2,0,1,25118,11.2
0,0,2,1,1,31408,11.9
1,1,5,1,0,59719,15.5
1,1,9,1,1,85521,32.25
2,1,22,0,0,75295,34.5
1,0,2,0,0,8991,6.0
1,1,7,0,1,19121,12.95
0,1,12,1,0,27766,12.6
0,1,15,1,0,35709,19.5
0,0,2,0,0,7422,5.5
2,0,2,1,1,23010,13.3
2,0,2,0,0,48221,9.1
1,1,2,0,1,71058,24.0
0,1,15,0,1,53752,21.5
2,0,2,1,1,29625,13.3
2,1,5,0,0,42818,14.5
0,0,2,1,1,18778,11.9
2,1,30,0,1,87493,46.5
1,1,22,1,0,85438,36.0
2,0,2,0,0,39774,9.1
2,0,2,1,1,11592,9.5
2,0,2,1,1,3045,5.7
0,1,12,0,0,85134,24.0
2,1,15,1,0,79568,32.25
1,1,22,1,0,24235,16.8
1,1,15,0,1,85227,33.75
0,0,2,0,0,11510,5.5
2,0,2,1,1,24861,13.3
2,0,2,1,1,42203,13.3
0,1,5,0,1,57234,16.5
2,0,2,1,0,9143,7.5
1,0,2,0,1,29379,11.2
2,1,9,1,1,51351,22.5
1,1,9,1,0,32108,17.5
1,1,22,0,1,91376,39.0
0,0,2,1,0,39007,9.1
0,1,30,1,0,72643,40.5
0,1,12,1,1,31405,22.0
2,0,2,1,0,27470,10.5
0,1,12,1,1,96586,33.0
2,1,12,1,0,99344,30.0
0,0,2,1,1,46365,11.9
2,0,2,0,0,16767,9.1
1,1,7,0,1,40669,18.5
1,0,2,0,1,25506,11.2
0,1,9,1,0,38214,16.5
2,1,12,1,1,52010,24.0
1,1,7,1,1,51040,20.5
2,1,30,0,0,78641,40.5
2,0,2,1,0,7848,7.5
0,0,2,0,0,17976,7.7
2,0,2,0,0,3983,3.9
1,1,9,0,0,24679,10.85
0,1,12,0,1,59112,20.0
0,1,22,1,0,94092,34.5
2,0,2,0,1,23177,11.9
0,0,2,0,1,7047,7.5
0,0,2,1,1,39593,11.9
1,0,2,0,1,47429,11.2
0,0,2,0,0,14191,5.5
0,1,30,1,1,23456,21.7
2,1,12,1,0,47137,20.0
1,0,2,0,0,29200,8.4
0,0,2,1,1,14687,8.5
1,1,15,0,0,60232,18.5
1,1,2,0,1,11917,11.2
1,0,2,0,0,44772,8.4
0,0,2,1,0,35227,9.1
0,0,2,1,0,33011,9.1
1,1,22,1,0,33413,24.0
1,0,2,0,0,31741,8.4
1,1,7,0,0,82775,21.75
2,0,2,1,1,28454,13.3
2,0,2,0,0,14164,6.5
2,0,2,0,1,25991,11.9
2,1,22,0,1,45487,27.0
1,1,30,0,1,21402,21.0
0,1,22,1,0,77241,34.5
2,0,2,1,1,13136,9.5
1,1,7,0,0,53900,14.5
0,1,9,1,1,61754,20.5
1,0,2,0,0,18446,8.4
2,0,2,1,0,45292,10.5
2,0,2,1,0,3702,4.5
1,0,2,1,0,40629,9.8
0,1,2,1,1,39321,17.0
1,1,15,1,1,10316,17.15
0,1,22,0,0,20967,14.7
1,0,2,1,0,40277,9.8
2,1,2,1,1,40612,19.0
1,1,12,1,0,95228,28.5
2,1,7,1,0,67203,17.5
1,0,2,1,0,33648,9.8
1,0,2,1,0,42940,9.8
1,0,2,1,0,1388,4.2
0,1,12,0,1,14630,14.0
0,0,2,1,1,14896,8.5
2,0,2,0,1,42128,11.9
2,0,2,0,1,6993,8.5
1,0,2,1,1,44822,12.6
0,0,2,1,1,48967,11.9
2,0,2,0,1,27531,11.9
1,1,9,0,1,98377,29.25
1,1,15,0,0,20149,12.95
2,1,22,0,1,27127,18.9
2,1,15,0,1,17747,16.45
2,0,2,1,0,28216,10.5
1,1,2,1,0,86717,21.0
2,0,2,0,0,3922,3.9
2,0,2,1,1,31539,13.3
1,1,22,1,0,88098,36.0
1,1,5,1,0,89730,23.25
2,1,12,1,1,24488,16.8
0,1,2,1,1,77068,25.5
0,0,2,1,0,45314,9.1
1,0,2,0,1,8698,8.0
1,1,2,0,0,46162,12.0
0,0,2,1,0,44762,9.1
2,1,5,1,1,86673,30.75
2,0,2,1,1,40818,13.3
2,0,2,1,1,29861,13.3
0,0,2,1,1,3994,5.1
0,0,2,0,1,15007,10.5
2,0,2,1,1,18028,13.3
1,1,15,1,0,80026,30.75
0,1,15,1,1,29966,16.45
1,1,30,0,0,69354,26.0
1,1,15,0,1,44623,22.5
0,0,2,1,0,14271,6.5
2,0,2,0,0,8369,6.5
0,1,9,1,0,49879,16.5
2,0,2,1,0,16024,10.5
1,1,30,1,1,89123,48.0
2,1,15,1,1,87433,38.25
2,0,2,0,0,45679,9.1
2,0,2,1,0,49589,10.5
1,0,2,1,1,38147,12.6
0,1,9,1,0,36959,16.5
2,1,9,0,1,44853,20.5
2,1,2,1,0,84073,22.5
1,0,2,0,0,26539,8.4
1,1,2,1,1,60799,18.0
2,0,2,0,1,36252,11.9
0,1,2,1,1,56015,17.0
0,0,2,1,1,3569,5.1
1,0,2,1,1,33808,12.6
0,0,2,1,0,46490,9.1
0,1,7,1,0,41836,15.5
1,0,2,0,0,26428,8.4
2,0,2,1,0,13440,7.5
1,0,2,0,1,1158,4.8
0,1,22,0,0,48311,21.0
0,1,12,1,1,59200,22.0
1,1,9,0,0,14958,10.85
2,0,2,1,0,8915,7.5
0,0,2,0,1,7381,7.5
1,1,9,1,1,53900,21.5
2,0,2,1,0,30830,10.5
0,0,2,1,1,3672,5.1
0,1,22,1,1,21617,18.9
1,1,30,1,1,11870,22.4
1,1,9,0,0,49888,15.5
1,0,2,1,0,12201,7.0
2,0,2,1,1,23052,13.3
2,1,5,1,0,38361,16.5
2,0,2,1,0,45922,10.5
2,1,12,1,0,67570,20.0
0,1,5,1,0,13057,10.15
1,1,5,1,0,31621,15.5
2,1,7,1,0,46820,17.5
0,1,5,1,1,24575,12.95
1,0,2,0,0,19933,8.4
2,1,9,0,1,39533,20.5
0,1,15,0,0,28460,12.25
0,0,2,1,1,11613,8.5
0,1,9,1,0,12907,11.55
2,1,22,1,0,42238,25.0
1,1,12,1,0,62652,19.0
0,1,30,1,1,65872,31.0
1,1,5,1,0,70203,23.25
2,0,2,1,0,43965,10.5
2,1,15,0,1,87797,35.25
0,0,2,0,0,5440,5.5
1,0,2,1,1,7764,9.0
0,0,2,1,1,48855,11.9
1,0,2,0,0,2839,3.6
0,1,5,1,0,29275,10.15
0,1,7,0,0,21203,9.45
0,0,2,1,1,9773,8.5
0,0,2,1,1,23846,11.9
1,1,5,0,1,55575,17.5
1,1,5,1,1,60078,19.5
2,1,22,0,1,88048,40.5
0,1,22,1,0,79324,34.5
1,0,2,0,0,31326,8.4
1,0,2,0,1,23828,11.2
0,0,2,0,0,29172,7.7
2,0,2,0,0,15685,9.1
2,0,2,1,0,3442,4.5
1,1,12,1,0,82136,28.5
0,1,30,0,1,57688,29.0
0,1,9,0,0,35171,14.5
2,1,9,0,1,62224,20.5
1,1,9,1,0,13563,12.25
2,0,2,1,1,22750,13.3
0,1,9,1,0,47468,16.5
2,0,2,0,0,2561,3.9
0,0,2,1,0,23103,9.1
1,1,7,1,0,38382,16.5
2,0,2,1,0,36748,10.5
2,1,30,0,1,70354,46.5
1,0,2,0,1,36274,11.2
1,1,30,1,1,75428,48.0
1,1,9,1,0,83318,26.25
2,1,7,1,1,58617,21.5
1,0,2,0,0,42674,8.4
1,0,2,1,1,38149,12.6
2,0,2,0,0,48733,9.1
1,0,2,0,0,14190,6.0
1,1,30,0,0,21473,18.2
2,0,2,0,1,14571,8.5
0,1,5,1,1,88490,27.75
2,1,9,0,0,89119,24.75
2,0,2,0,1,35038,11.9
1,0,2,0,1,39261,11.2
1,1,12,0,1,99258,31.5
1,1,22,0,1,27121,18.2
1,0,2,0,1,11953,8.0
1,0,2,1,0,29303,9.8
1,1,15,0,0,67870,18.5
1,1,15,0,1,99573,33.75
0,1,30,0,0,71112,37.5
1,1,7,0,1,12889,12.95
1,0,2,0,1,36571,11.2
0,0,2,0,1,43529,10.5
0,0,2,1,1,16916,11.9
0,0,2,0,1,44950,10.5
0,1,22,0,1,50014,25.0
1,0,2,1,1,21527,12.6
0,1,5,0,1,66949,16.5
2,1,15,1,1,96994,38.25
2,0,2,0,0,24281,9.1
2,0,2,0,0,24472,9.1
1,1,9,0,1,63584,19.5
2,0,2,0,0,38431,9.1
0,0,2,0,0,21705,7.7
2,1,2,1,1,67766,19.0
0,1,12,1,0,10225,12.6
2,0,2,0,0,32325,9.1
1,0,2,0,1,44807,11.2
1,1,9,1,1,12793,15.05
2,1,15,0,0,77008,29.25
2,0,2,1,1,12928,9.5
1,0,2,0,0,14098,6.0
1,0,2,0,1,29242,11.2
0,1,2,1,0,11595,9.1
0,0,2,1,1,35757,11.9
2,1,15,1,1,36439,25.5
1,1,5,0,1,33894,17.5
1,0,2,1,1,9417,9.0
2,0,2,0,1,8248,8.5
2,1,15,0,1,74140,35.25
1,1,7,0,1,22490,12.95
2,1,22,1,1,88513,43.5
0,0,2,1,1,23109,11.9
0,0,2,1,0,14545,6.5
2,0,2,0,0,43734,9.1
0,0,2,1,1,22441,11.9
2,1,2,1,0,83932,22.5
1,1,7,0,1,66023,18.5
0,1,12,0,0,73851,24.0
1,0,2,0,0,4749,3.6
2,1,2,1,0,52039,15.0
2,1,9,0,0,62892,16.5
0,0,2,1,0,12749,6.5
2,1,30,1,0,50295,29.0
0,0,2,1,1,49127,11.9
2,0,2,1,0,20108,10.5
2,1,22,0,0,41504,23.0
2,0,2,1,1,49592,13.3
1,0,2,0,0,5793,6.0
1,0,2,1,0,7145,7.0
0,1,2,0,0,66356,11.0
2,0,2,0,1,13438,8.5
1,1,9,0,0,66599,15.5
0,1,2,1,1,45398,17.0
1,0,2,1,1,34571,12.6
1,1,22,0,1,37812,26.0
0,1,9,1,0,90880,24.75
2,1,5,0,0,39136,14.5
0,1,22,0,0,44826,21.0
2,1,15,1,1,51597,25.5
0,0,2,1,1,10279,8.5
0,1,2,1,1,23749,11.9
2,0,2,0,1,26746,11.9
1,0,2,1,0,41406,9.8
0,0,2,0,0,8712,5.5
2,1,15,1,1,52488,25.5
0,1,9,1,0,45902,16.5
1,1,9,0,0,58842,15.5
0,0,2,0,1,11618,7.5
1,1,5,1,0,41069,15.5
2,0,2,1,1,9111,9.5
0,0,2,1,1,12184,8.5
1,1,22,0,0,14141,15.4
0,1,5,1,0,97049,21.75
0,1,5,0,0,89618,18.75
1,1,2,1,0,60177,14.0
0,0,2,1,0,9125,6.5
1,0,2,0,1,13186,8.0
0,1,5,1,1,44408,18.5
2,0,2,1,0,25661,10.5
1,1,7,1,0,24718,11.55
0,1,9,1,1,15346,14.35
1,0,2,0,0,8396,6.0
2,0,2,1,1,22797,13.3
2,1,9,0,0,82655,24.75
0,0,2,1,0,6835,6.5
1,1,12,0,0,36398,17.0
2,1,2,1,1,22938,13.3
0,0,2,1,1,40817,11.9
1,0,2,1,0,41788,9.8
0,1,9,0,0,63120,14.5
2,0,2,1,1,20263,13.3
2,0,2,0,0,6834,6.5
2,0,2,0,1,10617,8.5
2,0,2,0,0,11004,6.5
2,0,2,1,1,48358,13.3
0,0,2,0,1,3068,4.5
2,1,30,0,1,54333,31.0
2,0,2,1,0,18521,10.5
0,1,22,1,1,82280,40.5
1,1,2,0,0,54196,12.0
0,0,2,1,1,14575,8.5
1,0,2,1,1,18176,12.6
1,0,2,0,0,1725,3.6
2,0,2,1,0,29920,10.5
2,1,7,1,0,58208,17.5
1,0,2,1,0,2609,4.2
0,0,2,0,1,41481,10.5
2,1,30,0,0,50984,27.0
1,1,9,1,1,17448,15.05
2,1,30,0,0,37488,27.0
0,1,15,1,0,64014,19.5
1,0,2,0,0,46038,8.4
0,0,2,0,1,43434,10.5
2,0,2,0,1,18257,11.9
1,0,2,0,0,37320,8.4
0,1,2,0,0,94371,16.5
2,1,15,1,1,50480,25.5
2,0,2,0,0,34627,9.1
2,1,15,0,0,71213,29.25
2,0,2,0,0,34892,9.1
2,0,2,0,1,30238,11.9
0,1,2,0,0,98308,16.5
0,0,2,0,1,25617,10.5
1,0,2,0,1,1973,4.8
2,0,2,0,1,29005,11.9
2,1,7,0,0,62751,15.5
2,1,2,1,0,35429,15.0
1,1,5,0,1,69809,17.5
1,0,2,1,0,45220,9.8
0,1,15,1,0,25926,13.65
2,0,2,0,0,6238,6.5
0,1,15,1,1,86209,35.25
2,0,2,1,0,30403,10.5
1,0,2,0,0,6306,6.0
2,1,30,0,0,64114,27.0
2,0,2,0,1,39237,11.9
1,0,2,1,1,40881,12.6
1,1,15,1,0,55434,20.5
1,0,2,1,0,5239,7.0
0,0,2,1,1,44657,11.9
1,1,5,1,1,34501,19.5
1,1,12,1,1,62058,23.0
1,0,2,0,1,20036,11.2
2,0,2,1,0,20098,10.5
1,0,2,1,1,19658,12.6
0,0,2,0,1,15954,10.5
1,1,9,1,1,17217,15.05
0,1,15,1,0,15854,13.65
1,0,2,0,1,32332,11.2
0,0,2,0,0,1032,3.3
2,1,22,0,0,54494,23.0
2,1,12,1,0,83693,30.0
2,1,30,1,1,52586,33.0
2,1,12,0,0,78728,27.0
1,1,5,0,0,25075,9.45
0,1,15,1,0,81737,29.25
0,1,2,0,1,51501,15.0
0,0,2,1,0,12232,6.5
0,1,2,0,0,69007,11.0
1,0,2,1,1,34678,12.6
1,1,5,0,1,39703,17.5
0,1,30,0,1,86003,43.5
2,1,30,0,1,85420,46.5
0,0,2,0,1,15431,10.5
2,0,2,0,0,40451,9.1
2,0,2,1,1,44773,13.3
2,1,30,0,0,84480,40.5
1,0,2,0,1,37821,11.2
2,1,22,1,0,29819,17.5
2,1,5,1,1,76721,30.75
2,0,2,0,1,25594,11.9
1,1,5,1,1,23547,13.65
2,0,2,0,0,32296,9.1
1,0,2,0,1,32044,11.2
2,0,2,0,0,33535,9.1
2,0,2,1,0,25321,10.5
2,1,30,0,0,72476,40.5
0,0,2,1,0,16080,9.1
0,0,2,0,1,4841,4.5
2,0,2,1,1,41541,13.3
2,0,2,0,0,24940,9.1
2,0,2,0,1,4998,5.1
2,1,7,0,1,11788,13.65
0,1,22,1,1,57926,27.0
0,0,2,0,0,36386,7.7
2,0,2,1,1,3663,5.7
1,0,2,1,0,41960,9.8
1,1,9,0,0,71649,23.25
2,1,5,1,0,94972,24.75
1,0,2,0,0,32146,8.4
2,0,2,1,0,39645,10.5
1,0,2,0,0,5647,6.0
0,1,7,1,0,32733,15.5
0,1,22,1,1,10580,18.9
0,0,2,1,0,48441,9.1
0,0,2,0,1,23678,10.5
0,1,12,1,0,36765,18.0
1,1,2,0,0,51997,12.0
0,0,2,0,1,47234,10.5
2,0,2,0,0,29861,9.1
0,1,12,1,1,61916,22.0
1,1,30,0,1,20342,21.0
1,0,2,1,1,17640,12.6
1,0,2,1,0,15403,9.8
1,1,9,1,1,61330,21.5
2,1,12,1,1,67524,24.0
1,0,2,1,0,19508,9.8
2,1,12,1,0,87185,30.0
0,1,15,0,0,85544,26.25
1,0,2,0,0,22526,8.4
2,1,5,1,0,78927,24.75
2,1,7,0,0,14466,10.85
0,0,2,0,1,34395,10.5
0,0,2,1,0,27227,9.1
2,1,5,1,1,76812,30.75
0,1,9,1,1,90482,30.75
0,1,30,0,1,49294,29.0
1,1,12,1,1,41173,23.0
0,1,7,0,0,93901,20.25
0,0,2,1,1,29129,11.9
2,0,2,0,1,14553,8.5
1,0,2,1,1,16133,12.6
0,1,2,1,1,21055,11.9
1,1,22,1,1,77391,42.0
1,0,2,0,0,27746,8.4
1,0,2,0,1,32822,11.2
0,0,2,0,1,32135,10.5
1,0,2,1,1,31940,12.6
2,1,15,1,0,36308,21.5
2,0,2,0,0,36734,9.1
1,0,2,0,1,13225,8.0
2,1,5,1,0,27971,11.55
2,0,2,0,1,36170,11.9
0,0,2,1,0,2308,3.9
0,0,2,0,1,25201,10.5
0,1,15,1,1,77329,35.25
0,1,12,0,0,82747,24.0
0,0,2,0,1,21152,10.5
2,0,2,0,0,32251,9.1
1,0,2,1,1,13965,9.0
1,1,2,1,1,59958,18.0
1,0,2,1,0,7217,7.0
2,1,15,0,1,55896,23.5
1,0,2,1,1,1731,5.4
1,1,5,1,1,58215,19.5
0,0,2,1,0,29377,9.1
1,1,15,1,1,80663,36.75
2,0,2,0,0,1968,3.9
0,0,2,0,1,21544,10.5
2,1,9,0,1,12879,14.35
0,1,7,0,0,18737,9.45
2,1,22,0,1,56686,27.0
2,1,12,0,1,12934,15.4
0,1,2,0,0,60459,11.0
1,0,2,1,0,29147,9.8
2,0,2,0,0,49429,9.1
0,1,15,0,0,17709,12.25
1,1,2,0,1,37365,16.0
1,1,15,1,1,55088,24.5
0,0,2,1,1,8921,8.5
1,1,9,1,1,72645,32.25
2,1,9,0,1,32391,20.5
1,1,12,1,1,83438,34.5
2,0,2,0,0,31071,9.1
2,0,2,1,1,43607,13.3
0,0,2,0,1,2299,4.5
1,0,2,1,0,40207,9.8
1,1,5,1,1,21432,13.65
1,1,15,0,1,91265,33.75
2,1,12,1,0,68200,20.0
2,0,2,0,1,35811,11.9
2,1,30,1,0,87637,43.5
0,0,2,0,0,31197,7.7
1,0,2,1,1,46303,12.6
0,1,22,0,1,68490,25.0
0,0,2,0,0,35185,7.7
1,0,2,0,1,46444,11.2
1,0,2,0,1,7991,8.0
1,1,9,0,1,98438,29.25
0,1,22,1,1,47036,27.0
2,0,2,1,1,29720,13.3
2,1,22,0,0,84266,34.5
1,0,2,1,0,30963,9.8
1,1,12,0,1,53460,21.0
0,1,2,0,1,56255,15.0
0,0,2,1,0,23211,9.1
2,0,2,0,1,47226,11.9
0,0,2,0,1,23663,10.5
1,1,2,1,1,11667,12.6
2,1,22,1,1,24355,20.3
1,1,5,0,0,37835,13.5
1,0,2,0,1,37281,11.2
1,1,2,1,1,99612,27.0
1,0,2,1,0,30336,9.8
0,1,22,1,0,50909,23.0
0,0,2,0,0,37105,7.7
1,0,2,1,1,28349,12.6
2,0,2,1,1,42023,13.3
2,0,2,1,1,38089,13.3
2,0,2,0,0,22025,9.1
0,1,7,1,1,72994,29.25
1,1,22,0,0,18914,15.4
0,1,30,1,0,33302,27.0
0,1,9,1,1,74558,30.75
2,1,2,1,0,70982,22.5
1,1,30,1,0,95019,42.0
1,0,2,1,0,13418,7.0
0,0,2,0,0,21221,7.7
0,0,2,1,0,11766,6.5
0,0,2,1,1,46229,11.9
0,0,2,0,0,35430,7.7
2,0,2,1,1,10719,9.5
2,0,2,0,0,39119,9.1
2,0,2,1,0,8734,7.5
1,1,5,0,0,73861,20.25
1,0,2,1,0,7677,7.0
0,1,22,0,1,62999,25.0
1,0,2,0,0,4522,3.6
1,1,2,0,0,70381,18.0
1,0,2,1,1,7582,9.0
2,0,2,1,1,48256,13.3
1,0,2,0,0,12621,6.0
0,0,2,0,1,44419,10.5
2,1,15,0,1,49956,23.5
1,0,2,0,1,44992,11.2
0,1,2,1,1,62430,17.0
0,1,2,1,1,10036,11.9
0,0,2,0,0,28809,7.7
0,1,2,1,1,59981,17.0
0,1,9,1,1,32204,20.5
2,0,2,1,0,9023,7.5
2,1,5,1,1,67563,20.5
1,1,5,0,1,97341,26.25
1,1,5,1,1,27140,13.65
2,1,30,0,0,33088,27.0
2,1,7,0,0,80726,23.25
2,1,5,0,0,72620,21.75
0,0,2,1,0,21069,9.1
2,0,2,1,0,42795,10.5
1,0,2,1,1,9076,9.0
2,0,2,0,0,42382,9.1
1,0,2,1,1,10167,9.0
2,0,2,1,1,39797,13.3
2,1,22,1,1,16131,20.3
1,0,2,1,1,41892,12.6
0,0,2,0,1,8757,7.5
0,1,22,1,0,10163,16.1
0,0,2,0,1,48117,10.5
0,1,30,1,0,22300,18.9
2,0,2,1,1,21057,13.3
2,1,2,0,0,31567,13.0
2,1,2,1,1,69938,19.0
0,1,5,0,0,34886,12.5
1,1,9,1,0,58239,17.5
2,1,7,1,1,41479,21.5
1,0,2,1,0,23481,9.8
1,1,22,0,1,78326,39.0
2,1,9,1,1,67706,22.5
1,0,2,0,1,4767,4.8
1,0,2,1,0,6022,7.0
1,0,2,0,1,2121,4.8
0,0,2,0,0,34036,7.7
1,1,2,1,1,46010,18.0
0,0,2,1,1,33994,11.9
2,1,2,1,0,95418,22.5
1,0,2,1,0,18443,9.8
2,0,2,1,1,31385,13.3
1,1,12,0,0,26246,11.9
2,0,2,0,1,18396,11.9
1,0,2,0,0,18826,8.4
1,1,2,1,0,35601,14.0
2,1,9,1,0,91148,27.75
2,1,15,1,0,68322,21.5
2,0,2,1,0,25447,10.5
2,1,22,0,1,27264,18.9
2,1,12,0,0,63084,18.0
1,1,2,0,0,15441,8.4
1,0,2,0,1,12670,8.0
2,1,5,0,1,31975,18.5
0,0,2,0,1,14015,7.5
1,0,2,1,0,10056,7.0
2,0,2,0,1,1845,5.1
0,0,2,1,1,47723,11.9
0,0,2,1,0,9714,6.5
1,0,2,1,0,3779,4.2
2,0,2,1,1,27283,13.3
0,1,12,0,0,93143,24.0
0,1,12,0,0,50710,16.0
1,0,2,1,1,15955,12.6
0,0,2,1,0,37413,9.1
2,0,2,0,1,13308,8.5
1,1,15,0,1,80204,33.75
1,0,2,1,1,4404,5.4
2,0,2,0,0,28780,9.1
2,1,15,0,0,20420,13.65
1,1,5,0,0,84679,20.25
2,1,7,1,1,87168,32.25
1,0,2,0,0,25999,8.4
2,0,2,1,0,2805,4.5
2,1,22,1,1,41068,29.0
0,1,9,0,1,64034,18.5
0,0,2,1,0,25129,9.1
0,0,2,1,1,24906,11.9
0,1,22,1,1,81159,40.5
0,0,2,1,0,34858,9.1
1,0,2,0,1,25011,11.2
1,0,2,0,0,7141,6.0
0,1,30,0,0,33253,25.0
1,1,22,1,1,71292,42.0
2,1,9,0,1,78605,30.75
0,0,2,0,0,35540,7.7
2,0,2,0,0,8938,6.5
1,0,2,0,1,16452,11.2
1,1,9,0,1,14433,13.65
0,1,22,1,1,70064,40.5
1,0,2,1,0,25618,9.8
2,1,5,1,0,11301,11.55
2,1,22,1,1,46485,29.0
0,0,2,1,1,18350,11.9
1,1,9,1,1,78807,32.25
0,0,2,1,1,48468,11.9
1,1,15,1,0,31689,20.5
0,0,2,1,0,46306,9.1
1,1,5,1,1,23098,13.65
2,0,2,0,0,26617,9.1
1,0,2,0,1,42919,11.2
2,1,22,0,1,20894,18.9
1,1,9,1,1,35124,21.5
2,0,2,0,1,34634,11.9
2,0,2,0,0,32180,9.1
0,0,2,1,1,35472,11.9
1,0,2,0,0,6221,6.0
0,0,2,1,1,2808,5.1
2,1,5,0,0,22356,10.15
2,0,2,0,1,19851,11.9
2,0,2,1,0,28440,10.5
2,1,5,1,0,20392,11.55
0,1,7,1,1,29446,13.65
1,1,15,1,0,87211,30.75
2,0,2,0,0,39668,9.1
0,0,2,0,0,45718,7.7
2,1,30,0,0,86328,40.5
0,0,2,1,1,27763,11.9
2,1,30,1,1,11655,23.1
2,0,2,0,0,41070,9.1
0,1,2,0,1,33892,15.0
1,0,2,0,1,35901,11.2
1,0,2,0,1,47352,11.2
1,1,5,0,0,21386,9.45
0,1,5,0,0,48368,12.5
0,0,2,1,1,11105,8.5
0,1,2,1,0,95363,19.5
0,0,2,0,0,43889,7.7
0,1,2,1,1,64616,17.0
2,1,15,1,0,95366,32.25
1,1,7,1,0,99907,24.75
1,0,2,0,0,33743,8.4
2,1,7,0,1,52651,19.5
2,0,2,1,0,14651,7.5
1,0,2,0,0,47876,8.4
2,1,7,1,0,37216,17.5
1,0,2,0,1,17746,11.2
0,1,30,0,0,77789,37.5
2,0,2,0,0,38432,9.1
1,0,2,1,1,47294,12.6
2,0,2,0,1,36552,11.9
2,1,5,1,0,48039,16.5
1,0,2,0,1,32034,11.2
0,0,2,1,1,38998,11.9
1,0,2,0,0,46598,8.4
2,0,2,1,0,20737,10.5
2,1,12,0,0,60635,18.0
2,0,2,1,1,44187,13.3
2,0,2,0,1,15950,11.9
1,1,9,1,0,56348,17.5
0,0,2,1,0,11340,6.5
0,0,2,0,0,30705,7.7
0,0,2,0,0,2898,3.3
2,1,2,1,1,19115,13.3
0,1,5,0,1,78044,24.75
2,1,7,0,0,93495,23.25
1,1,12,0,0,84503,25.5
2,1,30,1,0,97463,43.5
2,1,22,0,0,25784,16.1
2,1,22,1,1,27814,20.3
0,0,2,0,0,48217,7.7
0,1,9,1,1,33897,20.5
2,0,2,1,0,43591,10.5
0,1,12,0,0,31813,16.0
2,0,2,1,0,14032,7.5
0,1,12,1,0,96130,27.0
0,1,15,1,1,75047,35.25
1,0,2,1,0,8043,7.0
0,0,2,0,1,33362,10.5
2,0,2,1,1,30440,13.3
1,0,2,1,1,25313,12.6
0,1,2,1,1,28186,11.9
0,1,2,1,0,68225,13.0
2,0,2,0,0,27267,9.1
0,1,15,0,0,24294,12.25
2,0,2,1,1,6820,9.5
2,0,2,0,0,22500,9.1
1,1,15,1,1,57585,24.5
2,0,2,0,1,31292,11.9
1,0,2,1,0,13107,7.0
0,1,9,0,1,70664,27.75
0,1,7,0,1,19003,12.25
1,1,15,1,0,78670,30.75
2,1,12,1,0,66351,20.0
0,1,30,1,1,64637,31.0
0,1,12,1,1,93245,33.0
0,1,15,1,0,96008,29.25
0,0,2,0,0,31862,7.7
1,1,5,1,0,24904,10.85
2,1,9,1,1,21382,15.75
0,0,2,1,0,3849,3.9
0,0,2,0,0,39731,7.7
0,0,2,1,0,46959,9.1
0,1,5,0,1,68091,16.5
0,0,2,1,0,7535,6.5
0,0,2,1,1,40206,11.9
2,1,9,1,1,28962,15.75
1,1,12,1,0,54798,19.0
2,1,30,1,1,16356,23.1
0,0,2,1,1,42190,11.9
0,1,2,1,0,97681,19.5
2,0,2,0,1,38564,11.9
0,0,2,1,1,9745,8.5
2,0,2,0,1,42312,11.9
1,0,2,0,0,43099,8.4
2,1,7,0,0,87872,23.25
1,0,2,0,1,23546,11.2
2,0,2,0,1,18422,11.9
2,0,2,1,1,16544,13.3
2,1,22,0,1,73544,40.5
0,1,30,1,1,45042,31.0
0,0,2,1,0,48665,9.1
0,1,9,1,0,42023,16.5
2,1,5,1,0,24508,11.55
0,1,30,1,1,31937,31.0
2,0,2,1,0,4768,4.5
1,0,2,0,0,1408,3.6
1,1,22,1,1,18015,19.6
1,1,30,1,1,84917,48.0
0,1,30,1,1,41482,31.0
1,0,2,0,1,26098,11.2
0,0,2,0,0,12151,5.5
1,1,15,1,1,32883,24.5
1,0,2,1,0,29931,9.8
0,0,2,1,1,24234,11.9
2,0,2,1,0,46063,10.5
2,1,2,0,0,30629,13.0
1,1,5,0,1,84952,26.25
0,0,2,0,1,14446,7.5
0,0,2,0,1,27712,10.5
1,0,2,1,0,42726,9.8
1,1,5,0,1,53739,17.5
2,1,30,1,1,79522,49.5
2,0,2,1,0,31738,10.5
2,1,12,1,0,83570,30.0
0,0,2,1,0,44202,9.1
2,1,30,1,0,28826,20.3
2,1,7,0,0,59797,15.5
0,1,2,1,0,93771,19.5
1,0,2,0,0,2763,3.6
1,1,15,1,1,69153,24.5
2,0,2,0,1,22067,11.9
2,1,7,1,1,18665,15.05
0,0,2,0,0,33299,7.7
2,0,2,0,1,29151,11.9
1,0,2,1,1,38007,12.6
1,0,2,1,1,20136,12.6
2,0,2,0,1,23274,11.9
0,0,2,0,1,33705,10.5
2,1,5,1,0,76532,24.75
2,0,2,1,0,48349,10.5
1,1,5,1,0,77464,23.25
1,1,2,1,0,25556,9.8
1,0,2,0,0,3473,3.6
0,0,2,0,0,21878,7.7
1,0,2,1,1,29591,12.6
0,0,2,0,1,23508,10.5
2,1,9,1,1,60131,22.5
0,0,2,0,0,6315,5.5
1,1,22,0,1,98913,39.0
0,1,5,0,0,68703,12.5
1,0,2,1,1,31172,12.6
2,0,2,1,0,4314,4.5
0,1,12,1,0,32208,18.0
1,0,2,0,0,37761,8.4
0,0,2,1,0,21551,9.1
0,0,2,0,0,3355,3.3
2,0,2,0,1,25786,11.9
2,0,2,0,0,45685,9.1
2,0,2,0,1,3573,5.1
2,1,15,1,0,82046,32.25
2,1,9,0,0,26966,11.55
2,1,2,0,0,98563,19.5
0,0,2,0,1,49377,10.5
2,0,2,1,1,44737,13.3
1,0,2,0,1,34633,11.2
0,0,2,0,0,41126,7.7
0,1,5,1,0,87001,21.75
0,1,9,1,0,52646,16.5
2,0,2,0,0,47447,9.1
0,0,2,1,1,13984,8.5
1,1,22,1,0,71137,36.0
0,1,22,0,1,35957,25.0
2,0,2,0,0,46470,9.1
2,0,2,0,0,39012,9.1
1,1,22,0,0,97795,33.0
0,1,5,0,1,28076,11.55
0,1,12,0,0,81520,24.0
0,1,15,0,0,58635,17.5
2,0,2,1,0,43403,10.5
0,1,30,0,0,35626,25.0
2,0,2,0,1,8908,8.5
1,1,12,0,0,31335,17.0
1,0,2,1,1,14024,9.0
2,0,2,1,0,47131,10.5
0,1,2,0,0,97555,16.5
1,0,2,1,0,11178,7.0
1,0,2,0,1,16804,11.2
2,1,15,1,1,60047,25.5
1,0,2,1,0,22312,9.8
0,0,2,1,0,48603,9.1
1,0,2,1,1,27138,12.6
2,1,22,1,0,31423,25.0
2,0,2,1,0,36412,10.5
0,1,30,0,0,68049,25.0
1,0,2,1,1,32123,12.6
2,1,30,0,1,87296,46.5
2,1,30,1,0,29452,20.3
2,0,2,0,0,17297,9.1
2,1,2,1,0,26023,10.5
1,0,2,0,1,12917,8.0
1,0,2,0,1,25218,11.2
0,1,9,0,1,42066,18.5
2,1,30,1,0,57142,29.0
2,0,2,1,0,43399,10.5
2,1,5,0,1,52510,18.5
1,1,15,0,1,78052,33.75
1,1,5,1,1,57939,19.5
2,1,30,0,1,10868,21.7
1,0,2,1,1,36493,12.6
2,0,2,1,0,33631,10.5
1,1,30,1,1,94409,48.0
0,0,2,0,1,39294,10.5
1,0,2,1,0,49544,9.8
2,0,2,0,0,28073,9.1
2,0,2,0,1,44010,11.9
2,0,2,1,0,30924,10.5
0,1,9,1,1,22866,14.35
0,0,2,0,1,23062,10.5
1,1,22,0,1,48510,26.0
1,1,12,1,0,60612,19.0
2,0,2,1,0,45567,10.5
0,1,22,0,1,28615,17.5
0,1,30,0,1,75912,43.5
0,1,30,0,1,16914,20.3
0,1,9,1,1,42021,20.5
2,0,2,1,1,23352,13.3
0,0,2,1,0,27444,9.1
0,0,2,0,0,6627,5.5
2,0,2,1,1,10616,9.5
0,0,2,0,0,6879,5.5
2,0,2,0,0,37557,9.1
2,1,22,1,1,21592,20.3
1,1,9,0,0,76033,23.25
1,1,12,1,0,44343,19.0
1,1,30,0,0,86274,39.0
1,1,5,1,1,68973,19.5
1,1,22,0,1,82756,39.0
1,0,2,0,1,17544,11.2
2,1,2,0,0,57297,13.0
0,1,5,1,0,60638,14.5
1,1,9,1,1,33526,21.5
2,1,22,0,0,18382,16.1
1,1,7,0,0,93213,21.75
2,1,22,1,0,19903,17.5
2,0,2,0,0,48527,9.1
0,1,22,0,1,32651,25.0
0,0,2,0,0,21461,7.7
0,1,22,1,0,15710,16.1
2,0,2,0,0,17058,9.1
1,0,2,0,1,23781,11.2
0,0,2,1,0,12575,6.5
2,0,2,0,0,12282,6.5
1,1,9,0,1,32647,19.5
1,0,2,0,1,7840,8.0
1,1,2,1,1,52170,18.0
0,1,7,0,0,89695,20.25
1,0,2,0,0,23947,8.4
0,0,2,1,0,5266,6.5
2,1,30,0,0,37721,27.0
0,1,5,1,1,96682,27.75
2,1,7,1,0,39332,17.5
1,1,12,0,0,25715,11.9
0,0,2,1,1,26445,11.9
2,0,2,0,1,47975,11.9
2,0,2,0,1,3276,5.1
0,1,22,0,1,97242,37.5
0,0,2,1,1,13089,8.5
2,0,2,0,0,42996,9.1
1,0,2,0,0,38455,8.4
2,1,5,0,0,95231,21.75
1,0,2,1,0,4044,4.2
1,0,2,0,0,49763,8.4
0,1,5,1,1,64318,18.5
2,0,2,1,0,33572,10.5
1,1,5,1,1,73073,29.25
0,0,2,0,0,48641,7.7
1,0,2,1,1,2832,5.4
0,1,5,1,0,64872,14.5
0,0,2,1,0,24978,9.1
2,0,2,1,1,4821,5.7
0,0,2,1,0,16392,9.1
0,0,2,1,0,5748,6.5
0,0,2,1,1,13925,8.5
1,1,30,1,0,66129,28.0
0,0,2,1,0,16471,9.1
1,0,2,0,0,16912,8.4
0,0,2,1,1,14064,8.5
2,1,15,1,0,65603,21.5
2,1,12,1,0,81679,30.0
2,0,2,1,1,34991,13.3
1,0,2,0,0,4984,3.6
1,0,2,1,0,10851,7.0
0,1,5,0,1,94942,24.75
2,0,2,1,1,2390,5.7
1,0,2,0,1,2650,4.8
2,0,2,0,1,41599,11.9
2,1,22,1,1,46684,29.0
2,0,2,0,1,25008,11.9
0,1,22,0,1,73020,37.5
2,0,2,0,1,21428,11.9
1,0,2,1,0,4093,4.2
1,0,2,1,0,17958,9.8
0,0,2,0,0,33725,7.7
2,1,12,1,1,37208,24.0
1,1,2,1,1,18667,12.6
0,0,2,0,1,32531,10.5
0,1,22,1,1,77414,40.5
0,0,2,0,1,41350,10.5
1,1,22,0,0,28897,15.4
1,1,30,1,1,81599,48.0
1,0,2,0,0,18869,8.4
2,1,5,1,0,99523,24.75
0,0,2,1,1,7415,8.5
2,1,12,1,1,74696,36.0
2,0,2,1,1,3368,5.7
1,0,2,1,1,14434,9.0
1,1,30,0,0,22452,18.2
2,0,2,1,0,18819,10.5
0,0,2,1,1,31877,11.9
0,1,9,1,1,71605,30.75
0,1,7,1,0,28496,10.85
2,1,5,0,1,37796,18.5
2,1,22,0,0,10398,16.1
0,0,2,1,0,44743,9.1
0,1,15,0,0,87662,26.25
2,0,2,1,0,30228,10.5
0,1,22,0,0,81391,31.5
2,1,30,1,1,64156,33.0
0,1,12,1,1,97342,33.0
0,1,2,0,0,70928,16.5
1,1,7,0,0,75305,21.75
2,0,2,0,0,11385,6.5
0,0,2,1,0,16920,9.1
1,0,2,0,1,13562,8.0
1,1,5,1,1,21460,13.65
1,0,2,1,0,21172,9.8
2,1,5,1,1,20725,14.35
1,1,9,0,1,46191,19.5
0,0,2,1,0,32216,9.1
2,1,12,0,1,60176,22.0
2,1,9,0,1,58994,20.5
2,0,2,0,1,8289,8.5
1,1,30,1,0,97507,42.0
2,1,9,1,1,82555,33.75
0,1,22,0,1,83740,37.5
1,1,30,0,1,61301,30.0
2,0,2,1,1,1253,5.7
0,1,12,0,0,24770,11.2
0,0,2,1,1,43844,11.9
2,0,2,0,1,1587,5.1
1,1,22,1,1,57187,28.0
0,0,2,0,0,29177,7.7
2,1,2,1,1,66786,19.0
2,0,2,0,0,44295,9.1
0,0,2,0,1,11459,7.5
1,1,30,0,1,19336,21.0
2,0,2,1,0,21682,10.5
0,1,12,1,0,12503,12.6
1,1,30,0,0,51165,26.0
1,1,9,1,1,93228,32.25
0,1,9,0,0,23455,10.15
0,1,22,0,0,18496,14.7
1,1,7,0,1,22747,12.95
0,1,5,1,0,23431,10.15
1,0,2,0,1,44713,11.2
0,1,30,1,0,76486,40.5
2,1,2,0,0,87048,19.5
0,1,5,0,1,87551,24.75
0,0,2,1,0,48495,9.1
2,0,2,0,1,31673,11.9
2,1,5,0,1,12349,12.95
1,1,15,1,0,54770,20.5
1,1,9,1,0,53322,17.5
2,0,2,1,0,30621,10.5
1,0,2,0,1,1365,4.8
1,0,2,0,1,49392,11.2
0,0,2,0,1,34360,10.5
0,1,12,0,0,42118,16.0
0,0,2,1,0,1956,3.9
1,1,30,1,1,33429,32.0
0,0,2,1,0,9146,6.5
0,0,2,1,0,31402,9.1
0,0,2,0,1,35614,10.5
2,1,22,0,1,82183,40.5
1,0,2,0,1,13900,8.0
2,0,2,1,1,32107,13.3
0,1,12,1,0,31695,18.0
2,0,2,0,1,36120,11.9
1,0,2,1,0,38891,9.8
2,0,2,0,0,13609,6.5
0,1,30,1,0,62679,27.0
1,0,2,1,1,4543,5.4
1,1,2,0,1,92658,24.0
2,0,2,1,0,30746,10.5
0,1,7,0,0,34983,13.5
1,1,5,0,1,41376,17.5
2,0,2,0,1,10370,8.5
2,1,15,1,0,34625,21.5
2,1,12,0,1,42996,22.0
1,0,2,1,0,41519,9.8
2,0,2,1,1,24007,13.3
2,0,2,0,0,14158,6.5
0,0,2,1,1,14401,8.5
0,0,2,1,1,19341,11.9
2,0,2,1,1,2494,5.7
2,1,5,0,1,60579,18.5
0,1,12,0,0,48209,16.0
1,0,2,0,1,1315,4.8
2,0,2,0,1,29827,11.9
0,1,2,1,0,51538,13.0
0,0,2,1,1,28425,11.9
0,0,2,0,1,37898,10.5
0,1,2,1,1,55533,17.0
1,0,2,0,0,19511,8.4
0,0,2,1,0,44365,9.1
0,0,2,0,1,12162,7.5
1,1,7,0,0,94020,21.75
0,1,22,0,1,71583,37.5
1,1,22,1,0,78287,36.0
0,1,30,0,0,90568,37.5
2,0,2,1,0,28614,10.5
2,1,12,0,0,91799,27.0
2,1,2,0,0,55667,13.0
1,1,5,1,1,13680,13.65
1,0,2,0,1,42950,11.2
0,1,22,0,0,45751,21.0
0,1,22,0,1,72969,37.5
2,1,7,0,1,82621,29.25
0,1,22,0,1,18925,17.5
2,1,30,1,0,90578,43.5
0,0,2,1,1,23372,11.9
2,1,5,0,1,66204,18.5
2,1,2,0,1,61124,17.0
2,1,9,1,0,89292,27.75
2,0,2,1,0,49150,10.5
0,1,30,1,0,89418,40.5
1,0,2,0,1,40930,11.2
1,1,7,0,0,53269,14.5
0,1,9,0,1,51966,18.5
0,1,22,1,0,26842,16.1
1,1,5,1,0,75952,23.25
0,1,30,1,1,41913,31.0
0,0,2,1,0,16038,9.1
0,0,2,0,0,47295,7.7
1,1,5,0,0,93802,20.25
0,1,22,0,1,48925,25.0
0,1,15,0,0,13630,12.25
2,0,2,1,0,22565,10.5
2,0,2,1,1,43352,13.3
2,1,12,1,0,55642,20.0
2,0,2,1,1,27358,13.3
2,0,2,1,0,40796,10.5
0,1,5,0,0,30503,12.5
0,0,2,0,0,33691,7.7
0,0,2,1,0,15907,9.1
1,0,2,1,0,29555,9.8
0,0,2,1,0,29604,9.1
0,0,2,0,1,45220,10.5
0,0,2,1,0,20146,9.1
1,1,5,1,1,15279,13.65
1,1,12,1,1,21663,16.1
0,0,2,0,1,39916,10.5
1,1,30,0,0,39332,26.0
2,1,15,0,0,61967,19.5
0,0,2,1,0,23128,9.1
1,0,2,1,0,48087,9.8
2,0,2,0,0,36492,9.1
0,0,2,0,1,34313,10.5
0,0,2,1,1,18301,11.9
2,0,2,0,0,2374,3.9
0,1,5,0,1,51002,16.5
2,0,2,1,0,41484,10.5
2,1,7,1,0,17558,12.25
1,0,2,0,0,8633,6.0
0,0,2,0,0,39355,7.7
2,1,5,0,1,53200,18.5
1,1,22,1,0,62354,24.0
2,1,22,1,1,34073,29.0
0,0,2,1,0,41742,9.1
1,1,15,0,0,15450,12.95
0,1,5,1,1,43896,18.5
1,0,2,1,0,24423,9.8
2,0,2,0,1,23891,11.9
2,1,5,0,0,66119,14.5
2,1,22,0,1,17604,18.9
0,1,5,0,1,79371,24.75
2,0,2,1,0,25177,10.5
1,1,15,0,0,92084,27.75
2,0,2,0,0,13539,6.5
2,1,5,1,0,56618,16.5
2,0,2,1,0,14806,7.5
1,0,2,0,1,38103,11.2
2,0,2,0,0,6738,6.5
0,0,2,1,1,7077,8.5
2,1,12,0,1,70141,33.0
0,1,9,1,1,93647,30.75
1,0,2,1,0,21424,9.8
0,0,2,0,1,33352,10.5
1,1,9,0,1,54580,19.5
1,1,2,0,0,46539,12.0
0,0,2,1,0,46236,9.1
1,0,2,0,1,7954,8.0
0,1,12,0,1,77384,30.0
1,0,2,1,0,44488,9.8
2,0,2,1,1,11743,9.5
1,1,9,0,1,25905,13.65
1,0,2,0,1,48152,11.2
1,1,2,0,1,90738,24.0
2,1,2,1,0,17875,10.5
0,0,2,1,0,3387,3.9
1,0,2,1,1,15064,12.6
2,1,9,0,0,57857,16.5
1,1,22,0,0,35352,22.0
0,1,30,0,1,15204,20.3
1,0,2,1,1,20826,12.6
2,0,2,1,0,49907,10.5
0,0,2,1,0,1483,3.9
1,1,2,0,0,72484,18.0
1,1,22,0,1,26899,18.2
2,1,12,1,0,14015,14.0
2,1,5,0,1,41845,18.5
2,1,15,0,1,24071,16.45
1,0,2,0,0,21894,8.4
1,1,5,0,1,65719,17.5
2,1,12,1,0,19478,14.0
2,1,5,1,0,53829,16.5
2,1,30,0,0,25797,18.9
2,1,15,0,0,24827,13.65
2,1,2,0,0,58104,13.0
1,0,2,0,0,22604,8.4
0,0,2,1,1,25475,11.9
0,0,2,0,1,21284,10.5
1,1,12,0,1,30952,21.0
0,0,2,1,1,33308,11.9
2,0,2,1,1,4213,5.7
2,0,2,0,1,19810,11.9
0,1,9,0,1,38204,18.5
1,0,2,1,1,19969,12.6
2,0,2,0,0,14798,6.5
2,1,2,0,0,77299,19.5
2,0,2,0,0,49711,9.1
2,0,2,0,1,2675,5.1
1,0,2,0,1,2322,4.8
2,1,12,1,0,93523,30.0
1,0,2,1,0,49155,9.8
1,1,12,0,1,47788,21.0
0,0,2,1,0,39863,9.1
0,0,2,1,1,34592,11.9
0,0,2,0,0,32354,7.7
2,0,2,0,0,12951,6.5
0,1,22,1,1,91336,40.5
1,0,2,0,1,11790,8.0
1,0,2,1,1,1671,5.4
0,1,7,1,0,13766,10.85
0,0,2,1,1,38511,11.9
2,0,2,0,1,47051,11.9
2,0,2,1,0,3165,4.5
1,1,12,0,0,27965,11.9
1,0,2,0,1,22076,11.2
1,1,9,1,0,18167,12.25
1,0,2,1,1,22981,12.6
2,1,22,0,1,26526,18.9
0,0,2,0,1,32271,10.5
0,0,2,0,1,1930,4.5
1,0,2,0,0,41086,8.4
1,0,2,1,1,6094,9.0
0,1,2,1,0,66122,13.0
1,1,2,0,1,19761,11.2
0,1,2,1,0,61302,13.0
1,0,2,0,1,36468,11.2
0,0,2,0,1,31987,10.5
2,1,22,1,1,27573,20.3
1,0,2,1,1,47868,12.6
0,1,9,0,1,70136,27.75
0,0,2,0,0,18142,7.7
1,1,12,1,1,25090,16.1
0,0,2,0,0,23514,7.7
0,1,9,1,1,99958,30.75
2,0,2,0,0,13317,6.5
0,1,2,1,1,68379,17.0
0,1,22,1,0,16469,16.1
0,0,2,1,1,41047,11.9
0,0,2,0,1,41452,10.5
0,0,2,1,1,42121,11.9
0,1,5,0,0,89882,18.75
2,0,2,0,0,2387,3.9
1,0,2,0,1,45859,11.2
2,1,12,1,0,95782,30.0
2,1,2,1,1,13764,13.3
2,0,2,0,1,47200,11.9
2,0,2,1,0,23237,10.5
